案件類別,上級機關,案件權責機關,案件編號,案件排序,案件名稱,承辦單位,申辦方式,新增日期,更新日期,URL
綜合類,秘書處,秘書處,AB001,0,檔案應用,秘書處,全程式,20240816T142700,20260320T154300,https://service.taipei/case-detail/AB001
公管類,秘書處,秘書處,AB002,0,市長祝福婚慶賀卡申請,秘書處,全程式,20251031T183700,20251127T103300,https://service.taipei/case-detail/AB002
民政類,民政局,民政局,AC001,0,臺北市林安泰古厝民俗文物館場地使用申請,民政局,全程式,20240809T110600,20260210T174800,https://service.taipei/case-detail/AC001
民政類,民政局,民政局,AC002,0,外籍人士來臺研修宗教教義,民政局,非全程式,20240809T140500,20251226T152100,https://service.taipei/case-detail/AC002
民政類,民政局,民政局,AC003,0,臺北市民生社區中心場地使用申請,民政局,全程式,20240809T140800,20250730T122300,https://service.taipei/case-detail/AC003
民政類,民政局,民政局,AC004,0,臺北市非政府組織(NGO)會館場地使用申請,民政局,全程式,20240809T141000,20250730T122800,https://service.taipei/case-detail/AC004
民政類,民政局,民政局,AC005,0,喪失、歸化、回復國籍,民政局,網路預約,20240809T141400,20251111T145500,https://service.taipei/case-detail/AC005
民政類,民政局,民政局,AC006,0,新住民會館場地借用,民政局,全程式,20240809T141800,20250729T170000,https://service.taipei/case-detail/AC006
民政類,民政局,民政局,AC007,0,出生登記,民政局,網路預約,20240809T141900,20251120T140000,https://service.taipei/case-detail/AC007
民政類,民政局,民政局,AC008,0,出生地登記,民政局,網路預約,20240809T142100,20250729T085700,https://service.taipei/case-detail/AC008
民政類,民政局,民政局,AC009,0,死亡登記,民政局,網路預約,20240809T142200,20250723T150900,https://service.taipei/case-detail/AC009
民政類,民政局,民政局,AC010,0,結婚登記,民政局,網路預約,20240809T142300,20250723T151100,https://service.taipei/case-detail/AC010
民政類,民政局,民政局,AC011,0,離婚登記,民政局,網路預約,20240809T142400,20250723T151400,https://service.taipei/case-detail/AC011
民政類,民政局,民政局,AC012,0,終止結婚登記,民政局,網路預約,20240809T142400,20250723T151600,https://service.taipei/case-detail/AC012
民政類,民政局,民政局,AC013,0,認領登記,民政局,網路預約,20240809T142500,20250723T151700,https://service.taipei/case-detail/AC013
民政類,民政局,民政局,AC014,0,收養登記,民政局,網路預約,20240809T142700,20250723T153000,https://service.taipei/case-detail/AC014
民政類,民政局,民政局,AC015,0,終止收養登記,民政局,網路預約,20240809T143500,20250723T153300,https://service.taipei/case-detail/AC015
民政類,民政局,民政局,AC016,0,監護登記、未成年子女權利義務行使負擔登記、輔助登記,民政局,網路預約,20240809T143600,20250723T153400,https://service.taipei/case-detail/AC016
民政類,民政局,民政局,AC017,0,原住民身分登記,民政局,網路預約,20240809T143700,20250723T153600,https://service.taipei/case-detail/AC017
民政類,民政局,民政局,AC018,0,遷入登記、住址變更登記,民政局,網路預約,20240809T143800,20250723T153900,https://service.taipei/case-detail/AC018
民政類,民政局,民政局,AC019,0,分（合）戶登記,民政局,網路預約,20240809T143900,20250723T154100,https://service.taipei/case-detail/AC019
民政類,民政局,民政局,AC020,0,初設戶籍登記,民政局,網路預約,20240809T144000,20250723T154900,https://service.taipei/case-detail/AC020
民政類,民政局,民政局,AC021,0,出境遷出登記,民政局,全程式,20240809T144100,20250730T095900,https://service.taipei/case-detail/AC021
民政類,民政局,民政局,AC022,0,全戶戶籍暫遷至戶政事務所,民政局,全程式,20240809T145700,20250730T095900,https://service.taipei/case-detail/AC022
民政類,民政局,民政局,AC023,0,姓名變更,民政局,網路預約,20240809T145900,20250725T161900,https://service.taipei/case-detail/AC023
民政類,民政局,民政局,AC024,0,撤銷登記、廢止登記、變更登記,民政局,線上填表,20240809T150000,20250723T170300,https://service.taipei/case-detail/AC024
民政類,民政局,民政局,AC025,0,更正登記,民政局,網路預約,20240809T150100,20250729T090700,https://service.taipei/case-detail/AC025
民政類,民政局,民政局,AC026,0,門牌編釘,民政局,線上填表,20240809T150100,20250723T165600,https://service.taipei/case-detail/AC026
民政類,民政局,民政局,AC027,0,門牌證明,民政局,網路預約,20240809T150200,20250723T161600,https://service.taipei/case-detail/AC027
民政類,民政局,民政局,AC028,0,申請訂定臺北市巷弄及廣場別名,民政局,線上填表,20240809T150700,20250723T162100,https://service.taipei/case-detail/AC028
民政類,民政局,民政局,AC029,0,印鑑登記、變更及廢止,民政局,網路預約,20240809T151100,20250723T162300,https://service.taipei/case-detail/AC029
民政類,民政局,民政局,AC030,0,印鑑證明,民政局,網路預約,20240809T152200,20250723T162400,https://service.taipei/case-detail/AC030
民政類,民政局,民政局,AC031,0,請領（初、補、換）國民身分證,民政局,網路預約,20240809T152300,20250723T162600,https://service.taipei/case-detail/AC031
民政類,民政局,民政局,AC032,0,請領戶口名簿,民政局,網路預約,20240809T152300,20250724T164000,https://service.taipei/case-detail/AC032
民政類,民政局,民政局,AC033,0,戶籍謄本及戶籍檔案原始資料,民政局,網路預約,20240809T152400,20250724T170700,https://service.taipei/case-detail/AC033
民政類,民政局,民政局,AC034,0,英文戶籍謄本,民政局,網路預約,20240809T152500,20250723T163100,https://service.taipei/case-detail/AC034
民政類,民政局,民政局,AC035,0,戶籍登記簿閱覽,民政局,網路預約,20240809T152600,20250730T153400,https://service.taipei/case-detail/AC035
民政類,民政局,民政局,AC036,0,親等關聯資料,民政局,網路預約,20240809T152800,20250723T163600,https://service.taipei/case-detail/AC036
民政類,民政局,民政局,AC037,0,自然人憑證,民政局,網路預約,20240809T152900,20250724T163800,https://service.taipei/case-detail/AC037
民政類,民政局,民政局,AC038,0,首次申請護照人別確認、一站式服務,民政局,網路預約,20240809T153000,20250723T164000,https://service.taipei/case-detail/AC038
民政類,民政局,民政局,AC039,0,林安泰古厝民俗文物館預約導覽,民政局,全程式,20250212T182700,20251226T150200,https://service.taipei/case-detail/AC039
民政類,民政局,民政局,AC040,0,宗教團體以自然人名義登記不動產權利歸屬審認,民政局,非全程式,20250212T183500,20251226T152500,https://service.taipei/case-detail/AC040
民政類,民政局,民政局,AC041,0,中、英文結離婚證明書,民政局,網路預約,20250718T151100,20250730T153300,https://service.taipei/case-detail/AC041
財政類,財政局,財政局,AD001,0,臺北市金融服務業財團法人設立許可,財政局,非全程式,20240809T153200,20251111T144900,https://service.taipei/case-detail/AD001
財政類,財政局,財政局,AD002,0,臺北市酒精販賣業者申請登記案,財政局,非全程式,20240809T153300,20260102T113400,https://service.taipei/case-detail/AD002
財政類,財政局,財政局,AD003,0,申購市有畸零土地,財政局,非全程式,20240809T153400,20260102T140300,https://service.taipei/case-detail/AD003
財政類,財政局,財政局,AD004,0,申購租(占)用市有土地,財政局,全程式,20240809T153400,20250718T110600,https://service.taipei/case-detail/AD004
財政類,財政局,財政局,AD005,0,申購遷建基地,財政局,全程式,20240809T153500,20250718T110800,https://service.taipei/case-detail/AD005
財政類,財政局,財政局,AD006,0,申購整建住宅基地,財政局,非全程式,20240809T153600,20250722T111300,https://service.taipei/case-detail/AD006
財政類,財政局,財政局,AD007,0,申請核發產權移轉證明書,財政局,非全程式,20240809T153700,20250722T112100,https://service.taipei/case-detail/AD007
財政類,財政局,財政局,AD008,0,申請租賃市有土地,財政局,非全程式,20240809T153800,20251118T134400,https://service.taipei/case-detail/AD008
財政類,財政局,財政局,AD009,0,續租市有土地,財政局,非全程式,20240809T153900,20260102T141600,https://service.taipei/case-detail/AD009
財政類,財政局,財政局,AD010,0,過戶承租市有土地,財政局,非全程式,20240809T154000,20251118T134900,https://service.taipei/case-detail/AD010
財政類,財政局,財政局,AD011,0,繼承過戶承租市有土地,財政局,非全程式,20240809T154200,20251118T135000,https://service.taipei/case-detail/AD011
財政類,財政局,財政局,AD012,0,設籍自住申請租金優惠計收,財政局,全程式,20240809T154600,20251118T143000,https://service.taipei/case-detail/AD012
財政類,財政局,財政局,AD013,0,申請分期繳納積欠之使用補償金,財政局,非全程式,20240809T154700,20251118T140000,https://service.taipei/case-detail/AD013
財政類,財政局,財政局,AD015,0,申請使用補償金優惠計收,財政局,全程式,20240809T155000,20251118T140100,https://service.taipei/case-detail/AD015
財政類,財政局,財政局,AD017,0,申請使用市有非公用不動產,財政局,全程式,20240809T155500,20260204T121800,https://service.taipei/case-detail/AD017
財政類,財政局,財政局,AD018,0,申請捐贈不動產,財政局,非全程式,20240809T155600,20251118T140100,https://service.taipei/case-detail/AD018
財政類,財政局,財政局,AD019,0,補發市庫支票,財政局,非全程式,20240809T155700,20251117T165600,https://service.taipei/case-detail/AD019
財政類,財政局,財政局,AD020,0,換發市庫支票,財政局,非全程式,20240809T155900,20251114T151800,https://service.taipei/case-detail/AD020
財政類,財政局,財政局,AD021,0,更正市庫支票,財政局,非全程式,20240809T160000,20251113T152500,https://service.taipei/case-detail/AD021
財政類,財政局,財政局,AD022,0,抵繳遺產稅登記用印申請,財政局,,20240809T160000,20250401T153300,https://service.taipei/case-detail/AD022
財政類,財政局,財政局,AD023,0,申請認養綠美化,財政局,非全程式,20240809T160100,20251113T175900,https://service.taipei/case-detail/AD023
財政類,財政局,財政局,AD024,0,續辦分期繳納使用補償金,財政局,非全程式,20250213T162200,20251118T140200,https://service.taipei/case-detail/AD024
教育類,教育局,教育局,AE001,0,教育部補助地方政府發放二歲以上未滿五歲幼兒育兒津貼及五歲至入國民小學前幼兒就學補助,教育局,非全程式,20240812T111700,20251229T145700,https://service.taipei/case-detail/AE001
教育類,教育局,教育局,AE002,0,就讀外縣市立案私立幼兒園幼兒申請「助您好孕－5歲幼兒就學費用」補助,教育局,線上填表,20240812T111800,20260320T134500,https://service.taipei/case-detail/AE002
教育類,教育局,教育局,AE003,0,私立幼兒園申請設立(含分班),教育局,線上填表,20240812T111800,20251226T180800,https://service.taipei/case-detail/AE003
教育類,教育局,教育局,AE004,0,私立幼兒園申請負責人、設立性質或名稱變更,教育局,線上填表,20240812T111900,20260106T103500,https://service.taipei/case-detail/AE004
教育類,教育局,教育局,AE006,0,財團法人教育基金會設立案,教育局,線上填表,20240812T112100,20250730T150700,https://service.taipei/case-detail/AE006
教育類,教育局,教育局,AE007,0,短期補習班申請籌設,教育局,線上填表,20240812T112200,20250908T110200,https://service.taipei/case-detail/AE007
教育類,教育局,教育局,AE008,0,短期補習班增設班舍,教育局,線上填表,20240812T112400,20251223T191800,https://service.taipei/case-detail/AE008
教育類,教育局,教育局,AE009,0,短期補習班申請遷址,教育局,線上填表,20240812T112400,20251223T192200,https://service.taipei/case-detail/AE009
教育類,教育局,教育局,AE010,0,大陸地區高級中等以下學校學歷驗證(換發同等學力證明),教育局,線上填表,20240812T112500,20251013T145900,https://service.taipei/case-detail/AE010
教育類,教育局,教育局,AE011,0,臺北市私立學校申請獎勵補助,教育局,全程式,20240812T112600,20251223T162700,https://service.taipei/case-detail/AE011
教育類,教育局,教育局,AE012,0,臺北市公立幼兒園招生登記申請,教育局,全程式,20240812T112700,20251226T160700,https://service.taipei/case-detail/AE012
教育類,教育局,教育局,AE013,0,私立幼兒園申請改建、擴充、縮減場地、遷移,教育局,線上填表,20240812T112700,20251226T181700,https://service.taipei/case-detail/AE013
教育類,教育局,教育局,AE014,0,私立幼兒園申請增加招收人數,教育局,線上填表,20240812T112800,20251226T182400,https://service.taipei/case-detail/AE014
教育類,教育局,教育局,AE015,0,私立幼兒園申請自請停辦與歇業,教育局,線上填表,20240812T112900,20251229T115400,https://service.taipei/case-detail/AE015
教育類,教育局,教育局,AE016,0,私立幼兒園申請恢復招生與復辦,教育局,線上填表,20240812T113100,20251229T120100,https://service.taipei/case-detail/AE016
教育類,教育局,教育局,AE017,0,臺北市教師證書遺失補發及更名申請,教育局,非全程式,20240812T113200,20251226T160400,https://service.taipei/case-detail/AE017
教育類,教育局,教育局,AE018,0,短期補習班申請立案,教育局,線上填表,20240812T113300,20251223T170600,https://service.taipei/case-detail/AE018
教育類,教育局,教育局,AE019,0,兒童課後照顧服務中心申請設立,教育局,線上填表,20240812T113300,20251125T112800,https://service.taipei/case-detail/AE019
教育類,教育局,教育局,AE020,0,私立國小申請辦理兒童課後照顧服務班,教育局,非全程式,20240812T113400,20251229T134200,https://service.taipei/case-detail/AE020
教育類,教育局,教育局,AE021,0,兒童課後照顧服務中心申請遷址,教育局,線上填表,20240812T113400,20251125T113600,https://service.taipei/case-detail/AE021
教育類,教育局,教育局,AE022,0,兒童課後照顧服務中心申請原址改建、擴充、縮減場地、增減招收人數,教育局,線上填表,20240812T113500,20260102T103500,https://service.taipei/case-detail/AE022
教育類,教育局,教育局,AE023,0,兒童課後照顧服務中心申請遴聘主任及課後照顧服務人員,教育局,線上填表,20240812T113800,20251229T140100,https://service.taipei/case-detail/AE023
教育類,教育局,教育局,AE024,0,兒童課後照顧服務中心申請停業、歇業或變更設立許可證書應載明事項,教育局,線上填表,20240812T114200,20251229T142800,https://service.taipei/case-detail/AE024
教育類,教育局,教育局,AE025,0,臺北市高級中等以下學校校園場地開放使用申請,教育局,非全程式,20240812T114300,20251229T143200,https://service.taipei/case-detail/AE025
教育類,教育局,教育局,AE026,0,臺北市特殊教育學生獎補助,教育局,非全程式,20240812T114400,20251229T143800,https://service.taipei/case-detail/AE026
教育類,教育局,教育局,AE027,0,臺北市學前教育階段身心障礙幼兒申請臨時安置特殊幼兒班,教育局,線上填表,20240812T114500,20251229T144900,https://service.taipei/case-detail/AE027
教育類,教育局,教育局,AE028,0,設籍本市未就讀本市幼兒園之幼兒數位卡證申請,教育局,非全程式,20250730T134200,20260203T101200,https://service.taipei/case-detail/AE028
產業發展類,產業局,產業局,AF001,119,工廠設立許可及展延,產業局,非全程式,20240815T092600,20260318T103700,https://service.taipei/case-detail/AF001
產業發展類,產業局,產業局,AF002,120,(須先取得核准設立許可案號之)工廠登記,產業局,非全程式,20240815T092700,20260318T103800,https://service.taipei/case-detail/AF002
產業發展類,產業局,產業局,AF003,121,工廠登記,產業局,非全程式,20240815T092700,20260318T104000,https://service.taipei/case-detail/AF003
產業發展類,產業局,產業局,AF004,122,工廠變更設立許可或(須先取得核准設立許可案號之)變更登記,產業局,非全程式,20240815T092800,20260318T104100,https://service.taipei/case-detail/AF004
產業發展類,產業局,產業局,AF005,123,工廠變更登記-(1)工廠廠名變更、(2)負責人變更,產業局,非全程式,20240815T092900,20260318T104200,https://service.taipei/case-detail/AF005
產業發展類,產業局,產業局,AF006,126,工廠廢止登記,產業局,非全程式,20240815T093000,20260318T104300,https://service.taipei/case-detail/AF006
產業發展類,產業局,產業局,AF007,127,工廠抄錄、查閱及影印事項,產業局,非全程式,20240815T093000,20260318T104300,https://service.taipei/case-detail/AF007
產業發展類,產業局,產業局,AF008,128,工廠核發登記事項證明,產業局,非全程式,20240815T093200,20260318T104400,https://service.taipei/case-detail/AF008
產業發展類,產業局,產業局,AF009,129,特定工廠登記,產業局,非全程式,20240815T093300,20260318T104500,https://service.taipei/case-detail/AF009
產業發展類,產業局,產業局,AF010,131,特定工廠變更登記-(1)廠名變更、(2)負責或合夥人變_、(3)廠地、廠房或建築物面積減少、(4)使用電_容_、熱能或用水_變_,產業局,非全程式,20240815T093300,20260318T104600,https://service.taipei/case-detail/AF010
產業發展類,產業局,產業局,AF011,134,動產擔保交易登記：(1)各種登記：動產抵押登記、附條件買賣登記、信託占有登記(2)變更登記(3)註銷登記(4)補發登記證明書,產業局,全程式,20240815T093400,20260318T104700,https://service.taipei/case-detail/AF011
產業發展類,產業局,產業局,AF012,137,臺北市工商業財團法人申請設立許可,產業局,非全程式,20240815T093500,20250731T120000,https://service.taipei/case-detail/AF012
產業發展類,產業局,產業局,AF013,139,臺北市工商業財團法人申請變更登記許可-(1)董(監)事變更、(2)捐助章程變更、(3)財產總額變更、(4)主事務所地址變更,產業局,非全程式,20240815T093600,20250731T120100,https://service.taipei/case-detail/AF013
產業發展類,產業局,產業局,AF014,142,臺北市產業發展獎勵補貼申請,產業局,非全程式,20240815T093700,20251226T113300,https://service.taipei/case-detail/AF014
產業發展類,產業局,產業局,AF015,143,臺北市產業發展創新補助申請-研發補助、品牌建立補助、創新育成補助、創業補助,產業局,非全程式,20240815T093700,20251226T133800,https://service.taipei/case-detail/AF015
產業發展類,產業局,產業局,AF016,145,臺北市產業發展獎勵補貼撥款請領,產業局,非全程式,20240815T094100,20250731T120300,https://service.taipei/case-detail/AF016
產業發展類,產業局,產業局,AF017,149,臺北市產業發展創新補助撥款請領-研發補助、品牌建立補助、創新育成補助、創業補助,產業局,非全程式,20240815T094200,20250731T120400,https://service.taipei/case-detail/AF017
產業發展類,產業局,產業局,AF018,152,土石採取許可,產業局,非全程式,20240815T094500,20260312T162800,https://service.taipei/case-detail/AF018
產業發展類,產業局,產業局,AF019,153,「臺北市補助工商團體及廠商推展貿易計畫」受理申請,產業局,非全程式,20240815T094600,20260305T142700,https://service.taipei/case-detail/AF019
產業發展類,產業局,產業局,AF020,154,「臺北市補助工商團體及廠商推展貿易計畫」結案核銷,產業局,非全程式,20240815T094700,20260305T142800,https://service.taipei/case-detail/AF020
產業發展類,產業局,產業局,AF021,156,「臺北市補助工商團體及廠商推展貿易計畫」補助案變更,產業局,非全程式,20240815T094700,20260305T142900,https://service.taipei/case-detail/AF021
產業發展類,產業局,產業局,AF022,0,「臺北市補助新創團隊海外參與創業計畫」申請 ,產業局,,20240815T094800,20250731T121000,https://service.taipei/case-detail/AF022
產業發展類,產業局,產業局,AF023,0,「臺北市補助新創團隊海外參與創業計畫」請款,產業局,,20240815T095000,20250731T121100,https://service.taipei/case-detail/AF023
產業發展類,產業局,產業局,AF024,0,「臺北市補助新創團隊海外參與創業計畫」補助案變更申請,產業局,,20240815T095100,20250731T121300,https://service.taipei/case-detail/AF024
產業發展類,產業局,產業局,AF025,157,「臺北市補助創新創意創業平臺發展計畫」申請,產業局,非全程式,20240815T095200,20260324T113100,https://service.taipei/case-detail/AF025
產業發展類,產業局,產業局,AF026,158,「臺北市補助創新創意創業平臺發展計畫」請款,產業局,非全程式,20240815T095500,20260324T113400,https://service.taipei/case-detail/AF026
產業發展類,產業局,產業局,AF027,159,「臺北市補助創新創意創業平臺發展計畫」變更,產業局,非全程式,20240815T095700,20260302T171800,https://service.taipei/case-detail/AF027
產業發展類,產業局,產業局,AF028,160,「臺北市政府推薦微型創新創意公司申請登錄創櫃板」受理申請,產業局,非全程式,20240815T095800,20250731T121700,https://service.taipei/case-detail/AF028
產業發展類,產業局,產業局,AF029,162,臺北市大內湖科技園區次核心產業回饋金申請-次核心產業認定,產業局,非全程式,20240815T095900,20250801T165000,https://service.taipei/case-detail/AF029
產業發展類,產業局,產業局,AF030,163,營利事業適用生技醫藥公司投資計畫核發完成證明,產業局,非全程式,20240815T101000,20250801T165100,https://service.taipei/case-detail/AF030
產業發展類,產業局,產業局,AF031,164,臺北市企業營運總部關係企業進駐資格證明,產業局,非全程式,20240815T101100,20250812T143600,https://service.taipei/case-detail/AF031
產業發展類,產業局,產業局,AF032,166,臺北市中小企業融資貸款,產業局,全程式,20240815T101200,20251224T104100,https://service.taipei/case-detail/AF032
產業發展類,產業局,產業局,AF033,0,臺北市青年創業融資貸款,產業局,,20240815T103000,20241219T145700,https://service.taipei/case-detail/AF033
產業發展類,產業局,產業局,AF034,167,公用天然氣事業導管配管專業人員變更登記,產業局,非全程式,20240815T103100,20260312T163800,https://service.taipei/case-detail/AF034
產業發展類,產業局,產業局,AF035,168,補助設置太陽光電發電設備受理申請,產業局,全程式,20240815T103200,20250731T124300,https://service.taipei/case-detail/AF035
產業發展類,產業局,產業局,AF036,169,補助設置太陽光電發電設備請領補助款,產業局,非全程式,20240815T103200,20260302T104000,https://service.taipei/case-detail/AF036
產業發展類,產業局,產業局,AF037,173,加油（氣）站申請籌建許可,產業局,非全程式,20240815T103300,20260312T164700,https://service.taipei/case-detail/AF037
產業發展類,產業局,產業局,AF038,174,加油（氣）站同意籌建申請展延期限,產業局,非全程式,20240815T103400,20251120T160200,https://service.taipei/case-detail/AF038
產業發展類,產業局,產業局,AF039,177,籌建中加油（氣）站變更申請,產業局,非全程式,20240815T103500,20260312T165300,https://service.taipei/case-detail/AF039
產業發展類,產業局,產業局,AF041,239,經營中加油（氣）站變更申請-平面配置、經營主體、負責人,產業局,非全程式,20240815T103700,20260312T170400,https://service.taipei/case-detail/AF041
產業發展類,產業局,產業局,AF042,241,地下水用水登記申請-申請水權取得登記、水權移轉登記,產業局,非全程式,20240815T103800,20260313T105500,https://service.taipei/case-detail/AF042
產業發展類,產業局,產業局,AF043,246,電器承裝業設立登記,產業局,非全程式,20240815T103900,20260313T110300,https://service.taipei/case-detail/AF043
產業發展類,產業局,產業局,AF045,247,電器承裝業變更登記-名稱、負責人、地址及門牌整編,產業局,非全程式,20240815T104100,20260313T113700,https://service.taipei/case-detail/AF045
產業發展類,產業局,產業局,AF046,250,電器承裝業廢止登記,產業局,非全程式,20240815T104200,20250801T162000,https://service.taipei/case-detail/AF046
產業發展類,產業局,產業局,AF047,251,公用天然氣導管承裝業設立,產業局,非全程式,20240815T104300,20260313T134200,https://service.taipei/case-detail/AF047
產業發展類,產業局,產業局,AF048,252,公用天然氣導管承裝業變更-資本額、負責人、營業地址、名稱,產業局,非全程式,20240815T104400,20260313T134800,https://service.taipei/case-detail/AF048
產業發展類,產業局,產業局,AF049,255,公用天然氣導管承裝業廢止,產業局,非全程式,20240815T104500,20250801T162000,https://service.taipei/case-detail/AF049
產業發展類,產業局,產業局,AF050,256,自用發電設備設置許可,產業局,非全程式,20240815T104500,20250812T155900,https://service.taipei/case-detail/AF050
產業發展類,產業局,產業局,AF051,257,自用發電設備登記,產業局,非全程式,20240815T104600,20260313T135500,https://service.taipei/case-detail/AF051
產業發展類,產業局,產業局,AF052,258,自用發電設備變更登記,產業局,非全程式,20240815T104700,20260313T140200,https://service.taipei/case-detail/AF052
產業發展類,產業局,產業局,AF053,259,自用發電設備廢止登記,產業局,非全程式,20240815T104700,20250801T162300,https://service.taipei/case-detail/AF053
產業發展類,產業局,產業局,AF054,260,用電場所專任電氣技術人員設立登記,產業局,非全程式,20240815T104900,20260313T140700,https://service.taipei/case-detail/AF054
產業發展類,產業局,產業局,AF055,261,用電場所專任電氣技術人員變更登記-技術人員、名稱、地址及負責人,產業局,非全程式,20240815T105000,20260313T141000,https://service.taipei/case-detail/AF055
產業發展類,產業局,產業局,AF056,264,用電場所專任電氣技術人員廢止登記,產業局,非全程式,20240815T105100,20250801T162500,https://service.taipei/case-detail/AF056
產業發展類,產業局,產業局,AF057,265,用電設備檢驗維護業設立登記,產業局,非全程式,20240815T105200,20260313T141700,https://service.taipei/case-detail/AF057
產業發展類,產業局,產業局,AF058,266,用電設備檢驗維護業變更登記-營業地址、負責人、資本額及電機技師,產業局,非全程式,20240815T105400,20260313T143100,https://service.taipei/case-detail/AF058
產業發展類,產業局,產業局,AF059,267,用電設備檢驗維護業廢止登記,產業局,非全程式,20240815T105500,20250801T162400,https://service.taipei/case-detail/AF059
產業發展類,產業局,產業局,AF060,268,自來水管承裝商籌設許可,產業局,非全程式,20240815T111200,20260313T143600,https://service.taipei/case-detail/AF060
產業發展類,產業局,產業局,AF061,269,自來水管承裝商營業許可,產業局,非全程式,20240815T111700,20260313T144100,https://service.taipei/case-detail/AF061
產業發展類,產業局,產業局,AF062,270,自來水管承裝商變更營業許可-名稱、負責人、資本額、地址,產業局,非全程式,20240815T111800,20260313T145100,https://service.taipei/case-detail/AF062
產業發展類,產業局,產業局,AF063,273,自來水管承裝商廢止營業許可,產業局,非全程式,20240815T111900,20250801T161900,https://service.taipei/case-detail/AF063
產業發展類,產業局,產業局,AF064,274,自用加儲油（氣）設施設置申請,產業局,非全程式,20240815T112000,20260313T145500,https://service.taipei/case-detail/AF064
產業發展類,產業局,產業局,AF065,275,自用加儲油（氣）設施使用申請,產業局,非全程式,20240815T112800,20250812T172000,https://service.taipei/case-detail/AF065
產業發展類,產業局,產業局,AF066,276,自用加儲油（氣）設施使用變更申請,產業局,非全程式,20240815T112800,20250812T172100,https://service.taipei/case-detail/AF066
產業發展類,產業局,產業局,AF067,277,地下水鑿井業籌設許可,產業局,非全程式,20240815T112900,20260313T150000,https://service.taipei/case-detail/AF067
產業發展類,產業局,產業局,AF068,278,地下水鑿井業營業許可,產業局,非全程式,20240815T112900,20260313T150400,https://service.taipei/case-detail/AF068
產業發展類,產業局,產業局,AF069,279,地下水鑿井業變更營業許可-名稱、負責人、資本額、地址,產業局,非全程式,20240815T113100,20260313T150800,https://service.taipei/case-detail/AF069
產業發展類,產業局,產業局,AF070,282,地下水鑿井業廢止營業許可,產業局,非全程式,20240815T113200,20250801T162300,https://service.taipei/case-detail/AF070
產業發展類,產業局,產業局,AF071,283,抽汲地下水水利建造物申請,產業局,非全程式,20240815T113800,20250812T173200,https://service.taipei/case-detail/AF071
產業發展類,產業局,產業局,AF072,284,臺北市服務業汰換節能設備補助-無風管空氣調節機、接風管空氣調節機、照明燈具、室內停車場智慧照明、循環扇、空氣門簾、電冰箱及冷凍櫃申請,產業局,非全程式,20240815T113900,20260224T155600,https://service.taipei/case-detail/AF072
產業發展類,產業局,產業局,AF073,285,臺北市服務業汰換節能設備補助-中央空調系統、冷凍(藏)庫申請,產業局,非全程式,20240815T114000,20260224T160300,https://service.taipei/case-detail/AF073
產業發展類,產業局,產業局,AF074,286,臺北市服務業汰換節能設備補助-中央空調系統、冷凍(藏)庫請領補助款,產業局,非全程式,20240815T114100,20260212T114300,https://service.taipei/case-detail/AF074
產業發展類,產業局,產業局,AF075,287,再生能源發電設備同意備案,產業局,非全程式,20240815T114100,20260317T104300,https://service.taipei/case-detail/AF075
產業發展類,產業局,產業局,AF076,288,再生能源發電設備登記,產業局,非全程式,20240815T114200,20260317T104600,https://service.taipei/case-detail/AF076
產業發展類,產業局,產業局,AF077,289,再生能源發電設備變更、同意備案展延,產業局,非全程式,20240815T114300,20260106T093500,https://service.taipei/case-detail/AF077
產業發展類,產業局,產業局,AF078,296,申請農業用地作農業設施容許使用同意書,產業局,非全程式,20240815T115400,20260313T151700,https://service.taipei/case-detail/AF078
產業發展類,產業局,產業局,AF079,297,農藥販賣業執照申請,產業局,非全程式,20240815T115500,20260313T152000,https://service.taipei/case-detail/AF079
產業發展類,產業局,產業局,AF080,298,農藥販賣業執照變更及註銷,產業局,非全程式,20240815T115500,20260313T152200,https://service.taipei/case-detail/AF080
產業發展類,產業局,產業局,AF081,299,種苗業登記證申請,產業局,全程式,20240815T115600,20260313T152500,https://service.taipei/case-detail/AF081
產業發展類,產業局,產業局,AF082,300,種苗業登記證變更,產業局,非全程式,20240815T115600,20260313T153000,https://service.taipei/case-detail/AF082
產業發展類,產業局,產業局,AF083,301,種苗業登記證廢止,產業局,非全程式,20240815T115700,20250801T170400,https://service.taipei/case-detail/AF083
產業發展類,產業局,產業局,AF084,302,無固定基礎之臨時性與農業生產有關設施證明書,產業局,非全程式,20240815T115800,20260313T160300,https://service.taipei/case-detail/AF084
產業發展類,產業局,產業局,AF085,303,農業用地暨農業發展條例第38條之1土地作農業使用證明書申請,產業局,非全程式,20240815T115800,20260313T160700,https://service.taipei/case-detail/AF085
產業發展類,產業局,產業局,AF086,304,臺北市興建農舍申請人資格審查證明書核發,產業局,非全程式,20240815T115900,20260313T160900,https://service.taipei/case-detail/AF086
產業發展類,產業局,產業局,AF087,305,農場登記,產業局,非全程式,20240815T115900,20250801T165200,https://service.taipei/case-detail/AF087
產業發展類,產業局,產業局,AF088,306,臺北市花博農民市集加強蔬果食品安全檢驗及推廣計畫補助申請,產業局,非全程式,20240815T120000,20250801T120500,https://service.taipei/case-detail/AF088
產業發展類,產業局,產業局,AF089,307,休閒農場籌設、籌設變更、籌設期限展延申請,產業局,非全程式,20240815T120100,20250801T165400,https://service.taipei/case-detail/AF089
產業發展類,產業局,產業局,AF090,308,休閒農場許可登記、換證、變更、歇業申請,產業局,非全程式,20240815T120200,20260313T161500,https://service.taipei/case-detail/AF090
產業發展類,產業局,產業局,AF091,309,休閒農場停業、停業展延、復業申請,產業局,非全程式,20240815T120200,20250801T170200,https://service.taipei/case-detail/AF091
產業發展類,產業局,產業局,AF092,310,公共空間綠化苗木申請,產業局,全程式,20240815T120300,20250801T170300,https://service.taipei/case-detail/AF092
產業發展類,產業局,產業局,AF093,311,臺北市社區園圃推廣計畫補助申請,產業局,非全程式,20240815T134700,20250801T133200,https://service.taipei/case-detail/AF093
產業發展類,產業局,產業局,AF094,312,臺北市社區園圃推廣計畫補助請款,產業局,非全程式,20240815T134900,20250801T133300,https://service.taipei/case-detail/AF094
產業發展類,產業局,產業局,AF095,313,農業用地變更為非農業使用申請,產業局,非全程式,20240815T135000,20260313T163600,https://service.taipei/case-detail/AF095
產業發展類,產業局,產業局,AF096,314,臺北市都市田園推廣補助申請,產業局,非全程式,20240815T135200,20250801T133500,https://service.taipei/case-detail/AF096
產業發展類,產業局,產業局,AF097,315,國產茶產品追溯條碼申請,產業局,非全程式,20240815T135200,20250728T165400,https://service.taipei/case-detail/AF097
產業發展類,產業局,產業局,AF098,316,臺北市農業振興方案計畫補助申請,產業局,非全程式,20240815T135400,20250731T112900,https://service.taipei/case-detail/AF098
產業發展類,產業局,產業局,AF102,292,再生能源義務用戶義務執行計畫許可,產業局,,20250313T145500,20260107T163600,https://service.taipei/case-detail/AF102
產業發展類,產業局,產業局,AF103,293,再生能源義務用戶義務執行計畫書變更,產業局,非全程式,20250313T145900,20260107T163700,https://service.taipei/case-detail/AF103
產業發展類,產業局,產業局,AF104,294,再生能源義務用戶設備運轉資料許可,產業局,非全程式,20250313T150200,20260310T100200,https://service.taipei/case-detail/AF104
產業發展類,產業局,產業局,AF105,295,再生能源義務用戶儲能設備規格許可,產業局,非全程式,20250313T150500,20250801T133900,https://service.taipei/case-detail/AF105
產業發展類,產業局,產業局,AF106,125,工廠變更登記-(1)產品變更、(2)使用電力容量、熱能或用水量變更、(3)廠地或廠房、建築物面積變更、(4)門牌或地號整編、改編或增編,產業局,非全程式,20250314T151700,20260318T104900,https://service.taipei/case-detail/AF106
產業發展類,產業局,產業局,AF107,133,特定工廠變更登記-低污染產業_別及主要產品變_,產業局,非全程式,20250318T100100,20260318T105000,https://service.taipei/case-detail/AF107
產業發展類,產業局,產業局,AF108,136,動產擔保交易登記-抄錄,產業局,全程式,20250318T142800,20260318T105000,https://service.taipei/case-detail/AF108
產業發展類,產業局,產業局,AF109,140,臺北市工商業財團法人申請變更登記許可-法人名稱變更,產業局,非全程式,20250318T155400,20250801T154200,https://service.taipei/case-detail/AF109
產業發展類,產業局,產業局,AF110,144,臺北市產業發展創新補助申請-新創拔尖補助,產業局,非全程式,20250318T175000,20251226T134200,https://service.taipei/case-detail/AF110
產業發展類,產業局,產業局,AF111,151,臺北市產業發展創新補助撥款請領-新創拔尖補助,產業局,非全程式,20250319T095300,20250801T154400,https://service.taipei/case-detail/AF111
產業發展類,產業局,產業局,AF112,240,經營中加油（氣）站變更申請-增加基地面積、暫停營業延展期限、終止營業,產業局,非全程式,20250321T165100,20260313T164900,https://service.taipei/case-detail/AF112
產業發展類,產業局,產業局,AF113,244,地下水用水登記申請-申請水權消滅登記、水權展限登記、水權變更登記,產業局,非全程式,20250325T162800,20260313T165400,https://service.taipei/case-detail/AF113
產業發展類,產業局,產業局,AF114,248,電器承裝業變更登記-遷移至本市、資本額、等級及從業人員,產業局,非全程式,20250327T151600,20260313T170100,https://service.taipei/case-detail/AF114
產業發展類,產業局,產業局,AF115,249,電器承裝業變更登記-換發/補發、印鑑、展延及停(復)業,產業局,非全程式,20250327T171500,20260313T171000,https://service.taipei/case-detail/AF115
產業發展類,產業局,產業局,AF116,253,公用天然氣導管承裝業變更-專業人員備查、專業人員離職、展延、停復業,產業局,非全程式,20250415T111100,20260317T102600,https://service.taipei/case-detail/AF116
產業發展類,產業局,產業局,AF117,254,公用天然氣導管承裝業變更-印鑑、換補發執照、等級、組織,產業局,非全程式,20250415T161200,20260317T110400,https://service.taipei/case-detail/AF117
產業發展類,產業局,產業局,AF118,262,用電場所專任電氣技術人員變更登記-換發/補發、級別,產業局,非全程式,20250417T100700,20260317T110900,https://service.taipei/case-detail/AF118
產業發展類,產業局,產業局,AF119,263,用電設備檢驗維護業變更登記-技術員、印鑑、換發/補發及展延,產業局,非全程式,20250417T135600,20260317T111600,https://service.taipei/case-detail/AF119
產業發展類,產業局,產業局,AF120,271,自來水管承裝商變更營業許可-等級、印鑑、技術員工,產業局,非全程式,20250417T155800,20260317T142800,https://service.taipei/case-detail/AF120
產業發展類,產業局,產業局,AF121,272,自來水管承裝商變更營業許可-停業、復業、補換發證冊、展延,產業局,非全程式,20250417T171200,20260317T152100,https://service.taipei/case-detail/AF121
產業發展類,產業局,產業局,AF122,280,地下水鑿井業變更營業許可-印鑑、等級、停復業、證冊補換發,產業局,非全程式,20250423T102400,20260317T152700,https://service.taipei/case-detail/AF122
產業發展類,產業局,產業局,AF123,281,地下水鑿井業變更營業許可-技術員工解補僱、展延,產業局,非全程式,20250423T135000,20260317T153100,https://service.taipei/case-detail/AF123
產業發展類,產業局,產業局,AF124,290,再生能源發電設備搬(遷)移,產業局,非全程式,20250423T165300,20260106T093500,https://service.taipei/case-detail/AF124
產業發展類,產業局,產業局,AF125,291,再生能源發電設備廢止,產業局,非全程式,20250424T141800,20260302T104900,https://service.taipei/case-detail/AF125
產業發展類,產業局,產業局,AF126,172,經濟部補助家戶屋頂設置太陽光電,產業局,非全程式,20250801T092100,20260305T110100,https://service.taipei/case-detail/AF126
產業發展類,產業局,產業局,AF127,161,「臺北新創旗艦基地新創加速器補助計畫」申請,產業局,非全程式,20260302T094700,20260312T164900,https://service.taipei/case-detail/AF127
工務類,工務局,工務局,AG001,0,臺北市政府再生水經營業籌設許可審查,工務局,全程式,20240812T141100,20260323T140700,https://service.taipei/case-detail/AG001
工務類,工務局,工務局,AG002,0,工務建設科學研究創新計畫補助,工務局,全程式,20240812T141300,20260317T105500,https://service.taipei/case-detail/AG002
工務類,工務局,工務局,AG003,0,道路挖掘許可（不含堤內水防道路）,工務局,全程式,20240812T141600,20260317T142100,https://service.taipei/case-detail/AG003
工務類,工務局,工務局,AG004,0,管線申挖證明,工務局,全程式,20240812T141700,20260317T141200,https://service.taipei/case-detail/AG004
工務類,工務局,工務局,AG005,0,臺北市市區道路架空管線設置許可,工務局,全程式,20240812T141700,20260108T151800,https://service.taipei/case-detail/AG005
交通類,交通局,交通局,AH001,0,仰德大道通行證,交通局,全程式,20240812T172400,20251112T154200,https://service.taipei/case-detail/AH001
交通類,交通局,交通局,AH002,0,利用道路舉辦臨時活動審議作業程序,交通局,全程式,20240812T172600,20260324T135300,https://service.taipei/case-detail/AH002
交通類,交通局,交通局,AH003,0,臺北市車輛行車事故覆議申請,交通局,全程式,20240812T172700,20260324T145500,https://service.taipei/case-detail/AH003
交通類,交通局,交通局,AH004,0,工程交通維持計畫書,交通局,全程式,20240812T172900,20260112T141000,https://service.taipei/case-detail/AH004
交通類,交通局,交通局,AH005,0,共享運具經營業營運許可、變更登記申請,交通局,全程式,20240813T101600,20260112T141200,https://service.taipei/case-detail/AH005
交通類,交通局,交通局,AH006,0,臺北市交通資訊中心預約參訪,交通局,全程式,20240813T102600,20260127T180300,https://service.taipei/case-detail/AH006
交通類,交通局,交通局,AH007,0,遙控無人機飛航活動審查,交通局,全程式,20240813T102700,20250813T104000,https://service.taipei/case-detail/AH007
交通類,交通局,交通局,AH008,0,乙類以下大客車申請通行貓空地區,交通局,全程式,20240813T102800,20251117T094000,https://service.taipei/case-detail/AH008
交通類,交通局,交通局,AH009,0,民間申請捐贈公共自行車,交通局,全程式,20240813T102900,20250801T160200,https://service.taipei/case-detail/AH009
交通類,交通局,交通局,AH010,0,遊動廣告物許可,交通局,全程式,20240813T103000,20251112T145000,https://service.taipei/case-detail/AH010
交通類,交通局,交通局,AH011,0,申請設置公車車廂外或公車候車亭公益廣告,交通局,全程式,20240813T105900,20251124T115200,https://service.taipei/case-detail/AH011
交通類,交通局,交通局,AH012,0,機車駕訓與道路安駕訓練補助,交通局,,20240813T110000,20260212T162200,https://service.taipei/case-detail/AH012
社政類,社會局,社會局,AI001,0,孕婦乘車補助,社會局,全程式,20240812T171300,20260122T200500,https://service.taipei/case-detail/AI001
社政類,社會局,社會局,AI002,0,老人自費安養中心進住,社會局,全程式,20240812T171400,20250912T160200,https://service.taipei/case-detail/AI002
社政類,社會局,社會局,AI003,0,老人自費安養中心受理老人登記候缺進住,社會局,全程式,20240812T171500,20250912T160400,https://service.taipei/case-detail/AI003
社政類,社會局,社會局,AI004,0,特殊境遇家庭扶助,社會局,全程式,20240812T171700,20250912T081200,https://service.taipei/case-detail/AI004
社政類,社會局,社會局,AI005,4,中低收入老人生活津貼核定,社會局,全程式,20240812T171800,20260213T135700,https://service.taipei/case-detail/AI005
社政類,社會局,社會局,AI007,0,中低收入老人假牙補助,社會局,非全程式,20240812T172000,20251222T165900,https://service.taipei/case-detail/AI007
社政類,社會局,社會局,AI008,0,獨居長者緊急救援系統服務,社會局,全程式,20240812T172100,20260303T092400,https://service.taipei/case-detail/AI008
社政類,社會局,社會局,AI009,0,身心障礙福利與服務需求評估判定,社會局,全程式,20240812T172200,20250922T134400,https://service.taipei/case-detail/AI009
社政類,社會局,社會局,AI010,0,臺北市弱勢兒童及少年醫療補助,社會局,非全程式,20240812T172400,20250803T230300,https://service.taipei/case-detail/AI010
社政類,社會局,社會局,AI011,0,失能者生活輔助器具自辦補助,社會局,非全程式,20240812T172400,20251211T133200,https://service.taipei/case-detail/AI011
社政類,社會局,社會局,AI012,0,臺北市身心障礙者參加社會保險保險費補助方式變更,社會局,全程式,20240812T172500,20251103T154700,https://service.taipei/case-detail/AI012
社政類,社會局,社會局,AI013,0,身心障礙者輔具費用補助,社會局,非全程式,20240813T100900,20250909T093300,https://service.taipei/case-detail/AI013
社政類,社會局,社會局,AI014,0,臺北市身心障礙者權益保障推動小組受理身心障礙者權益受損協調案件,社會局,全程式,20240813T101000,20250908T182000,https://service.taipei/case-detail/AI014
社政類,社會局,社會局,AI015,0,協助中低收入老人修繕住屋補助,社會局,非全程式,20240813T101100,20251222T164100,https://service.taipei/case-detail/AI015
社政類,社會局,社會局,AI016,0,身心障礙者專用停車位識別證,社會局,全程式,20240813T101200,20260204T164300,https://service.taipei/case-detail/AI016
社政類,社會局,社會局,AI017,0,臺北市身心障礙者購屋貸款利息補貼,社會局,全程式,20240813T101400,20251126T150200,https://service.taipei/case-detail/AI017
社政類,社會局,社會局,AI018,0,身心障礙者房屋租金補貼,社會局,全程式,20240813T101500,20251212T143900,https://service.taipei/case-detail/AI018
社政類,社會局,社會局,AI019,0,身心障礙者購買停車位貸款利息補貼,社會局,全程式,20240813T101600,20251211T112000,https://service.taipei/case-detail/AI019
社政類,社會局,社會局,AI020,0,身心障礙者承租停車位租金補助,社會局,全程式,20240813T101700,20250910T160700,https://service.taipei/case-detail/AI020
社政類,社會局,社會局,AI021,0,發展遲緩兒童早期療育補助,社會局,全程式,20240813T102000,20251022T075100,https://service.taipei/case-detail/AI021
社政類,社會局,社會局,AI022,0,市民醫療補助,社會局,非全程式,20240813T102000,20260122T095800,https://service.taipei/case-detail/AI022
社政類,社會局,社會局,AI023,0,婦女中途之家申請進住,社會局,全程式,20240813T102100,20251226T151800,https://service.taipei/case-detail/AI023
社政類,社會局,社會局,AI024,0,身心障礙者日間照顧及住宿式照顧費用補助申請（改列、申復與複查）,社會局,全程式,20240813T102200,20251119T201200,https://service.taipei/case-detail/AI024
社政類,社會局,社會局,AI025,0,老人收容安置補助,社會局,非全程式,20240813T102300,20251121T152500,https://service.taipei/case-detail/AI025
社政類,社會局,社會局,AI026,0,弱勢家庭兒童托育補助,社會局,全程式,20240813T102400,20250911T173100,https://service.taipei/case-detail/AI026
社政類,社會局,社會局,AI027,0,危機家庭兒童及少年緊急生活扶助,社會局,全程式,20240813T102500,20260107T100100,https://service.taipei/case-detail/AI027
社政類,社會局,社會局,AI028,0,臨時看護補助,社會局,非全程式,20240813T102500,20260106T144300,https://service.taipei/case-detail/AI028
社政類,社會局,社會局,AI029,0,弱勢家庭兒童及少年緊急生活扶助,社會局,全程式,20240813T102700,20251226T145100,https://service.taipei/case-detail/AI029
社政類,社會局,社會局,AI030,0,老人全民健康保險保險費自付額補助,社會局,全程式,20240813T102800,20251119T141200,https://service.taipei/case-detail/AI030
社政類,社會局,社會局,AI031,0,急難救助,社會局,非全程式,20240813T102800,20260105T142400,https://service.taipei/case-detail/AI031
社政類,社會局,社會局,AI032,0,中低收入老人特別照顧津貼,社會局,全程式,20240813T102900,20251216T151200,https://service.taipei/case-detail/AI032
社政類,社會局,社會局,AI033,0,危機家庭兒童托育補助,社會局,全程式,20240813T103000,20250911T152700,https://service.taipei/case-detail/AI033
社政類,社會局,社會局,AI034,0,陽明教養院入院,社會局,非全程式,20240813T103100,20250908T173900,https://service.taipei/case-detail/AI034
社政類,社會局,社會局,AI035,0,籌組人民團體,社會局,非全程式,20240813T103100,20251103T162800,https://service.taipei/case-detail/AI035
社政類,社會局,社會局,AI036,0,合作社(場)成立登記,社會局,非全程式,20240813T103300,20251121T164700,https://service.taipei/case-detail/AI036
社政類,社會局,社會局,AI037,0,合作社(場)變更登記,社會局,非全程式,20240813T103500,20251121T164900,https://service.taipei/case-detail/AI037
社政類,社會局,社會局,AI038,0,合作社(場)解散清算登記,社會局,非全程式,20240813T103600,20251121T172000,https://service.taipei/case-detail/AI038
社政類,社會局,社會局,AI039,0,勸募活動核准事項,社會局,全程式,20240813T103700,20251201T153200,https://service.taipei/case-detail/AI039
社政類,社會局,社會局,AI040,3,中低收入戶查定,社會局,全程式,20240813T103700,20260213T140000,https://service.taipei/case-detail/AI040
社政類,社會局,社會局,AI041,1,低收入戶查定,社會局,全程式,20240813T103800,20260213T133100,https://service.taipei/case-detail/AI041
社政類,社會局,社會局,AI042,2,設立社會福利事業財團法人,社會局,非全程式,20240813T103900,20251203T103900,https://service.taipei/case-detail/AI042
社政類,社會局,社會局,AI043,0,低收入戶及中低收入戶生育補助,社會局,全程式,20240813T104000,20250924T151900,https://service.taipei/case-detail/AI043
社政類,社會局,社會局,AI044,0,私立身心障礙福利機構設立、遷移、擴充業務規模或復業,社會局,全程式,20240813T104300,20250909T110400,https://service.taipei/case-detail/AI044
社政類,社會局,社會局,AI045,0,私立小型老人安養暨長期照顧機構設立、擴充、遷移及變更負責人,社會局,非全程式,20240813T104300,20251217T144400,https://service.taipei/case-detail/AI045
社政類,社會局,社會局,AI046,0,老人安養機構設立、擴充及遷移,社會局,非全程式,20240813T105200,20251217T144500,https://service.taipei/case-detail/AI046
社政類,社會局,社會局,AI047,0,小型私立托嬰中心設立、擴充、遷移及負責人變更（面積200平方公尺以下[不含]）,社會局,非全程式,20240813T105400,20251126T120300,https://service.taipei/case-detail/AI047
社政類,社會局,社會局,AI048,0,大型私立托嬰中心設立、擴充、遷移及負責人變更（建物變更使用執照、面積200平方公尺以上[含]）,社會局,非全程式,20240813T105500,20251126T121000,https://service.taipei/case-detail/AI048
社政類,社會局,社會局,AI049,0,兒童及少年福利機構設立,社會局,全程式,20240813T105600,20251229T140900,https://service.taipei/case-detail/AI049
社政類,社會局,社會局,AI050,0,籌組社區發展協會,社會局,全程式,20240813T105600,20251201T163700,https://service.taipei/case-detail/AI050
社政類,社會局,社會局,AI051,0,成立社區發展協會,社會局,非全程式,20240813T105700,20251120T130300,https://service.taipei/case-detail/AI051
社政類,社會局,社會局,AI052,0,臺北市社會工作師執業執照,社會局,非全程式,20240813T110300,20251230T143800,https://service.taipei/case-detail/AI052
社政類,社會局,社會局,AI053,0,低收入戶及中低收入戶老人、孕產婦及嬰兒營養補助,社會局,全程式,20240813T110300,20250909T115400,https://service.taipei/case-detail/AI053
社政類,社會局,社會局,AI054,0,低收入戶18歲以上就學生活補助,社會局,全程式,20240813T110400,20251231T160000,https://service.taipei/case-detail/AI054
社政類,社會局,社會局,AI055,0,補助民間機構及團體辦理婦女福利暨家庭支持性服務,社會局,非全程式,20240813T110500,20250913T160700,https://service.taipei/case-detail/AI055
社政類,社會局,社會局,AI056,0,委託安置兒童少年於機構或寄養家庭、親屬家庭,社會局,非全程式,20240813T111000,20251120T154300,https://service.taipei/case-detail/AI056
社政類,社會局,社會局,AI057,0,社工師事務所開業執照,社會局,非全程式,20240813T111200,20260106T114300,https://service.taipei/case-detail/AI057
社政類,社會局,社會局,AI058,0,臺北市社會工作師停業、歇業、復業、變更行政區域、變更執業處所、支援執業備查,社會局,非全程式,20240813T111300,20260106T115800,https://service.taipei/case-detail/AI058
社政類,社會局,社會局,AI059,0,會同未成年人之監護人開具財產清冊,社會局,非全程式,20240813T111400,20251226T145100,https://service.taipei/case-detail/AI059
社政類,社會局,社會局,AI060,0,臺北市設籍前新住民社會救助,社會局,全程式,20240813T111500,20251120T142100,https://service.taipei/case-detail/AI060
社政類,社會局,社會局,AI062,0,居家式托育服務登記證書,社會局,非全程式,20240813T111600,20251210T161500,https://service.taipei/case-detail/AI062
社政類,社會局,社會局,AI063,0,未滿二歲兒童托育公共化及準公共服務費用補助暨友善托育補助,社會局,全程式,20240813T111700,20250911T164900,https://service.taipei/case-detail/AI063
社政類,社會局,社會局,AI064,0,社會福利事業財團法人申請合併,社會局,非全程式,20240813T111800,20251203T165000,https://service.taipei/case-detail/AI064
社政類,社會局,社會局,AI065,0,社會福利事業財團法人申請改隸主管機關,社會局,非全程式,20240813T111900,20251203T165000,https://service.taipei/case-detail/AI065
社政類,社會局,社會局,AI066,0,兒少教育發展帳戶查定,社會局,非全程式,20240813T111900,20250909T154100,https://service.taipei/case-detail/AI066
社政類,社會局,社會局,AI067,0,協力照顧補助,社會局,全程式,20240813T112000,20250911T171000,https://service.taipei/case-detail/AI067
社政類,社會局,社會局,AI068,0,社區公共托育家園候補登記,社會局,全程式,20240813T112100,20251223T170500,https://service.taipei/case-detail/AI068
社政類,社會局,社會局,AI069,0,公辦民營托嬰中心候補登記,社會局,全程式,20240813T112300,20251223T170500,https://service.taipei/case-detail/AI069
社政類,社會局,社會局,AI070,0,嚴重特殊傳染性肺炎隔離檢疫期間防疫補償申請,社會局,全程式,20240813T112500,20250729T160600,https://service.taipei/case-detail/AI070
社政類,社會局,社會局,AI071,0,籌組社區發展協會（章程涉社會局以外之機關）,社會局,非全程式,20240813T112500,20251201T172600,https://service.taipei/case-detail/AI071
社政類,社會局,社會局,AI072,0,申請籌設社區式長照機構,社會局,非全程式,20240813T112600,20251219T113900,https://service.taipei/case-detail/AI072
社政類,社會局,社會局,AI073,0,申請設立居家式長照機構,社會局,線上填表,20240813T112700,20260317T094800,https://service.taipei/case-detail/AI073
社政類,社會局,社會局,AI074,0,申請設立社區式長照機構,社會局,非全程式,20240813T112800,20260324T172300,https://service.taipei/case-detail/AI074
社政類,社會局,社會局,AI075,0,住宿式服務機構使用者補助方案,社會局,非全程式,20240813T112800,20251222T152100,https://service.taipei/case-detail/AI075
社政類,社會局,社會局,AI076,0,低收入戶及受保護安置市民喪葬補助,社會局,非全程式,20240813T112900,20251226T133800,https://service.taipei/case-detail/AI076
社政類,社會局,社會局,AI077,0,居家身心障礙者使用維生器材及必要生活輔具用電優惠,社會局,全程式,20240813T113000,20251211T110000,https://service.taipei/case-detail/AI077
社政類,社會局,社會局,AI078,0,身心障礙者承租停車位租金補助(MyData申辦),社會局,全程式,20240813T113100,20260130T101500,https://service.taipei/case-detail/AI078
社政類,社會局,社會局,AI079,0,身心障礙者購買停車位貸款利息補貼(MyData申辦),社會局,全程式,20240813T113200,20250724T175700,https://service.taipei/case-detail/AI079
社政類,社會局,社會局,AI080,0,身心障礙者房屋租金補貼(MyData申辦),社會局,全程式,20240813T113200,20260203T170100,https://service.taipei/case-detail/AI080
社政類,社會局,社會局,AI081,0,臺北市身心障礙者購屋貸款利息補貼(MyData申辦),社會局,全程式,20240813T113300,20250827T121500,https://service.taipei/case-detail/AI081
社政類,社會局,社會局,AI082,0,身心障礙者日間照顧及住宿式照顧費用補助申請（改列、申復與複查）(MyData申辦),社會局,全程式,20240813T113400,20250827T120700,https://service.taipei/case-detail/AI082
社政類,社會局,社會局,AI083,0,臺北市身心障礙者參加社會保險保險費補助方式變更(MyData申辦),社會局,全程式,20240813T113500,20250827T120500,https://service.taipei/case-detail/AI083
社政類,社會局,社會局,AI085,0,市民醫療補助、市民醫療補助(需查稅)(MyData申辦),社會局,,20240813T113700,20250325T144600,https://service.taipei/case-detail/AI085
社政類,社會局,社會局,AI086,0,身心障礙者購買或承租商店攤販低利貸款補貼或租金補貼,社會局,非全程式,20240813T113700,20251212T112300,https://service.taipei/case-detail/AI086
社政類,社會局,社會局,AI087,0,申請低收入戶及中低收入戶證明,社會局,全程式,20240813T113800,20251205T143700,https://service.taipei/case-detail/AI087
社政類,社會局,社會局,AI088,0,身心障礙者專用停車位識別證（MyData申辦）,社會局,全程式,20240813T114000,20250903T141500,https://service.taipei/case-detail/AI088
社政類,社會局,社會局,AI089,0,社會救助專戶,社會局,全程式,20240813T114100,20260312T173600,https://service.taipei/case-detail/AI089
社政類,社會局,社會局,AI090,0,各項社會福利津貼溢領款分期繳納案件申請,社會局,全程式,20240813T114200,20251205T104600,https://service.taipei/case-detail/AI090
社政類,社會局,社會局,AI094,5,身心障礙者生活補助查定,社會局,全程式,20241024T100500,20260213T135800,https://service.taipei/case-detail/AI094
社政類,社會局,社會局,AI100,0,設立社會福利公益信託,社會局,全程式,20250304T152000,20251208T164700,https://service.taipei/case-detail/AI100
勞動類,勞動局,勞動局,AJ001,3,01、組織企業、產業、職業工會,勞動局,非全程式,20240813T140500,20260119T133700,https://service.taipei/case-detail/AJ001
勞動類,勞動局,勞動局,AJ002,5,02、籌設職工福利委員會,勞動局,非全程式,20240813T140800,20260119T133800,https://service.taipei/case-detail/AJ002
勞動類,勞動局,勞動局,AJ003,6,03、工作規則申報,勞動局,非全程式,20240813T142200,20260202T134200,https://service.taipei/case-detail/AJ003
勞動類,勞動局,勞動局,AJ004,7,04、臺北市失業勞工子女就學費用補助,勞動局,非全程式,20240813T142200,20260210T153600,https://service.taipei/case-detail/AJ004
勞動類,勞動局,勞動局,AJ006,8,05、設立勞工退休準備金監督委員會,勞動局,非全程式,20240813T142500,20251226T104600,https://service.taipei/case-detail/AJ006
勞動類,勞動局,勞動局,AJ007,9,06、事業單位解散、申請退還勞工退休準備金,勞動局,非全程式,20240813T142800,20260324T171700,https://service.taipei/case-detail/AJ007
勞動類,勞動局,勞動局,AJ008,10,07、事業單位合併移轉勞工退休準備金,勞動局,非全程式,20240813T143000,20260324T172000,https://service.taipei/case-detail/AJ008
勞動類,勞動局,勞動局,AJ009,13,08、動支勞工退休準備金超額提存部分作為資遣費,勞動局,非全程式,20240813T143200,20260324T172400,https://service.taipei/case-detail/AJ009
勞動類,勞動局,勞動局,AJ010,14,09、勞工退休準備金報備變更事項-負責人變更,勞動局,非全程式,20240813T143300,20251226T110500,https://service.taipei/case-detail/AJ010
勞動類,勞動局,勞動局,AJ011,15,10、勞工退休準備金報備變更事項-事業單位名稱變更,勞動局,非全程式,20240813T143400,20251226T110500,https://service.taipei/case-detail/AJ011
勞動類,勞動局,勞動局,AJ012,16,11、勞工退休準備金報備變更事項-暫停提撥,勞動局,非全程式,20240813T143500,20260324T172600,https://service.taipei/case-detail/AJ012
勞動類,勞動局,勞動局,AJ013,17,12、勞工退休準備金報備變更事項-調降提撥率,勞動局,非全程式,20240813T143600,20251226T110800,https://service.taipei/case-detail/AJ013
勞動類,勞動局,勞動局,AJ014,18,13、勞工退休準備金報備變更事項-委員改選,勞動局,非全程式,20240813T143800,20251226T111000,https://service.taipei/case-detail/AJ014
勞動類,勞動局,勞動局,AJ015,19,14、勞工退休準備金報備變更事項-修改勞工退休辦法,勞動局,非全程式,20240813T143900,20251226T111300,https://service.taipei/case-detail/AJ015
勞動類,勞動局,勞動局,AJ016,20,15、勞工退休準備金報備變更事項-變更會址,勞動局,非全程式,20240813T144000,20251226T111300,https://service.taipei/case-detail/AJ016
勞動類,勞動局,勞動局,AJ017,21,16、勞資會議代表申報,勞動局,全程式,20240813T144200,20260116T155800,https://service.taipei/case-detail/AJ017
勞動類,勞動局,勞動局,AJ018,22,17、哺集乳室與企業托兒設施措施補助,勞動局,非全程式,20240813T144300,20260119T133900,https://service.taipei/case-detail/AJ018
勞動類,勞動局,勞動局,AJ019,25,19、臺北市勞資爭議法律及生活費用補助,勞動局,非全程式,20240813T144500,20260109T141900,https://service.taipei/case-detail/AJ019
勞動類,勞動局,勞動局,AJ020,26,20、歇業事實認定,勞動局,非全程式,20240813T144500,20251215T163500,https://service.taipei/case-detail/AJ020
勞動類,勞動局,勞動局,AJ021,28,21、特定性契約報備,勞動局,非全程式,20240813T144600,20251216T103900,https://service.taipei/case-detail/AJ021
勞動類,勞動局,勞動局,AJ022,29,22、技術生訓練契約書,勞動局,非全程式,20240813T144600,20251216T105600,https://service.taipei/case-detail/AJ022
勞動類,勞動局,勞動局,AJ023,30,23、勞動基準法第84條之1約定書,勞動局,非全程式,20240813T144700,20251216T105600,https://service.taipei/case-detail/AJ023
勞動類,勞動局,勞動局,AJ024,31,24、臺北市政府勞資爭議調解案-調解委員會,勞動局,非全程式,20240813T144800,20260102T175700,https://service.taipei/case-detail/AJ024
勞動類,勞動局,勞動局,AJ025,32,25、臺北市政府勞資爭議調解案-調解人,勞動局,非全程式,20240813T144900,20260102T175700,https://service.taipei/case-detail/AJ025
勞動類,勞動局,勞動局,AJ026,33,27、資遣通報,勞動局,全程式,20240813T145000,20260226T084300,https://service.taipei/case-detail/AJ026
勞動類,勞動局,勞動局,AJ027,34,28、私立就業服務機構及分支機構（營利）籌設許可,勞動局,非全程式,20240813T145300,20260320T134500,https://service.taipei/case-detail/AJ027
勞動類,勞動局,勞動局,AJ028,35,29、私立就業服務機構及分支機構（營利）核發證照,勞動局,非全程式,20240813T145400,20260320T134600,https://service.taipei/case-detail/AJ028
勞動類,勞動局,勞動局,AJ029,36,30、私立就業服務機構及分支機構（非營利）籌設許可,勞動局,非全程式,20240813T145800,20260320T134600,https://service.taipei/case-detail/AJ029
勞動類,勞動局,勞動局,AJ030,37,31、私立就業服務機構及分支機構（非營利）核發證照,勞動局,非全程式,20240813T145900,20260320T134700,https://service.taipei/case-detail/AJ030
勞動類,勞動局,勞動局,AJ031,38,32、私立就業服務機構及分支機構有效期滿，申請換發新證,勞動局,非全程式,20240813T145900,20260320T134700,https://service.taipei/case-detail/AJ031
勞動類,勞動局,勞動局,AJ032,39,33、私立就業服務機構及分支機構變更登記許可-變更機構負責人、董(理)事或經理人,勞動局,非全程式,20240813T150000,20260320T134700,https://service.taipei/case-detail/AJ032
勞動類,勞動局,勞動局,AJ033,40,34、私立就業服務機構及分支機構變更登記許可-變更地址,勞動局,非全程式,20240813T150200,20260320T134800,https://service.taipei/case-detail/AJ033
勞動類,勞動局,勞動局,AJ034,41,35、私立就業服務機構及分支機構變更登記許可-負責人或代表人姓名變更,勞動局,非全程式,20240813T150200,20260320T134800,https://service.taipei/case-detail/AJ034
勞動類,勞動局,勞動局,AJ035,42,36、私立就業服務機構及分支機構變更登記許可-變更公司資本額,勞動局,非全程式,20240813T150300,20260320T134800,https://service.taipei/case-detail/AJ035
勞動類,勞動局,勞動局,AJ036,43,37、私立就業服務機構及分支機構變更許可登記事項申請換發新證,勞動局,非全程式,20240813T150400,20260320T134800,https://service.taipei/case-detail/AJ036
勞動類,勞動局,勞動局,AJ037,44,38、私立就業服務機構及分支機構許可證污損/申請換發新證,勞動局,非全程式,20240813T150400,20260320T134900,https://service.taipei/case-detail/AJ037
勞動類,勞動局,勞動局,AJ038,45,39、私立就業服務機構及分支機構許可證遺失申請補發,勞動局,非全程式,20240813T150500,20260320T134900,https://service.taipei/case-detail/AJ038
勞動類,勞動局,勞動局,AJ039,47,40、私立就業服務機構及分支機構（營利）暫停營業申報,勞動局,非全程式,20240813T150600,20260320T134900,https://service.taipei/case-detail/AJ039
勞動類,勞動局,勞動局,AJ040,48,41、私立就業服務機構及分支機構（非營利）暫停營業申報,勞動局,非全程式,20240813T150600,20251202T163400,https://service.taipei/case-detail/AJ040
勞動類,勞動局,勞動局,AJ041,49,42、私立就業服務機構及分支機構（營利）復業申報,勞動局,非全程式,20240813T150700,20251205T141200,https://service.taipei/case-detail/AJ041
勞動類,勞動局,勞動局,AJ042,50,43、私立就業服務機構及分支機構（非營利）復業申報,勞動局,非全程式,20240813T150700,20251202T163400,https://service.taipei/case-detail/AJ042
勞動類,勞動局,勞動局,AJ043,52,44、私立就業服務機構及分支機構（營利）終止營業申請,勞動局,非全程式,20240813T150800,20251229T091100,https://service.taipei/case-detail/AJ043
勞動類,勞動局,勞動局,AJ044,53,45、私立就業服務機構及分支機構（非營利）終止營業申請,勞動局,非全程式,20240813T172600,20251202T163900,https://service.taipei/case-detail/AJ044
勞動類,勞動局,勞動局,AJ045,54,46、臺北市政府性別平等工作申訴案,勞動局,非全程式,20240813T172600,20251217T153200,https://service.taipei/case-detail/AJ045
勞動類,勞動局,勞動局,AJ046,55,47、臺北市政府就業歧視申訴案,勞動局,非全程式,20240813T172700,20251226T160100,https://service.taipei/case-detail/AJ046
勞動類,勞動局,勞動局,AJ047,56,48、臺北市勞動教育經費補助,勞動局,非全程式,20240813T172800,20251231T142500,https://service.taipei/case-detail/AJ047
勞動類,勞動局,勞動局,AJ048,57,82、臺北市勞工職業災害慰問金申請,勞動局,非全程式,20240813T172900,20251229T170900,https://service.taipei/case-detail/AJ048
勞動類,勞動局,勞動局,AJ049,58,92、免設勞工退休準備金監督委員會,勞動局,非全程式,20240813T172900,20251226T111600,https://service.taipei/case-detail/AJ049
勞動類,勞動局,勞動局,AJ050,59,94、勞動基準法第45條無礙身心健康認定審查-許可,勞動局,非全程式,20240813T173000,20251217T104200,https://service.taipei/case-detail/AJ050
勞動類,勞動局,勞動局,AJ051,60,95、勞動基準法第45條無礙身心健康認定審查-備查,勞動局,非全程式,20240813T173200,20251216T105500,https://service.taipei/case-detail/AJ051
勞動類,勞動局,勞動局,AJ052,63,105、補繳勞工退休準備金,勞動局,非全程式,20240813T173300,20251226T111700,https://service.taipei/case-detail/AJ052
勞動類,勞動局,勞動局,AJ053,64,106、更正已繳之勞工退休準備金存款月份,勞動局,非全程式,20240813T173400,20251226T112000,https://service.taipei/case-detail/AJ053
勞動類,勞動局,勞動局,AJ054,65,108、臺北市性別平等工作法律扶助補助,勞動局,非全程式,20240813T173500,20260129T115400,https://service.taipei/case-detail/AJ054
勞動類,勞動局,勞動局,AJ055,0,111、勞雇雙方協商減少工時通報作業,勞動局,非全程式,20240813T173500,20260206T154100,https://service.taipei/case-detail/AJ055
勞動類,勞動局,勞動局,AJ056,67,112、臺北市事業單位勞動條件健檢申請,勞動局,全程式,20240813T173600,20260109T161300,https://service.taipei/case-detail/AJ056
勞動類,勞動局,勞動局,AJ057,69,114、職業訓練機構設立、變更申請作業,勞動局,非全程式,20240813T173800,20251202T171000,https://service.taipei/case-detail/AJ057
勞動類,勞動局,勞動局,AJ058,71,118、動支勞工退休準備金,勞動局,非全程式,20240813T174000,20251226T162400,https://service.taipei/case-detail/AJ058
勞動類,勞動局,勞動局,AJ059,0,113、臺北市政府受理工作場所性騷擾事件,勞動局,非全程式,20241223T094800,20260316T135900,https://service.taipei/case-detail/AJ059
勞動類,勞動局,勞動局,AJ060,70,117、非自願離職證明書,勞動局,非全程式,20241223T100600,20251217T154600,https://service.taipei/case-detail/AJ060
勞動類,勞動局,勞動局,AJ062,61,103、臺北市辦理補助工作場所性騷擾案件心理諮商費用,勞動局,非全程式,20250716T163900,20260324T111200,https://service.taipei/case-detail/AJ062
勞動類,勞動局,勞動局,AJ063,62,104、臺北市辦理僱用受僱者未達100人之雇主調查工作場所性騷擾案件補助,勞動局,非全程式,20250716T164200,20260206T153700,https://service.taipei/case-detail/AJ063
警政類,警察局,警察局,AK001,0,集會遊行申請,警察局,非全程式,20240812T164700,20251110T165400,https://service.taipei/case-detail/AK001
警政類,警察局,警察局,AK002,0,人民自衛槍枝申請(異動),警察局,非全程式,20240812T164800,20260312T091100,https://service.taipei/case-detail/AK002
警政類,警察局,警察局,AK003,0,人民申請購置魚槍(國內購買),警察局,非全程式,20240812T164900,20251110T165800,https://service.taipei/case-detail/AK003
警政類,警察局,警察局,AK004,0,人民或團體申請持有刀械,警察局,非全程式,20240812T165000,20251110T165800,https://service.taipei/case-detail/AK004
警政類,警察局,警察局,AK005,0,廠商申請進、出口刀械,警察局,非全程式,20240812T165200,20251203T093500,https://service.taipei/case-detail/AK005
警政類,警察局,警察局,AK006,0,槍砲彈藥刀械異動申報或給價收購,警察局,非全程式,20240812T165300,20251110T170000,https://service.taipei/case-detail/AK006
警政類,警察局,警察局,AK007,0,申請補發遺失或報繳槍砲彈藥刀械證照,警察局,非全程式,20240812T165400,20260312T091100,https://service.taipei/case-detail/AK007
警政類,警察局,警察局,AK009,0,治安風水師檢測工作,警察局,全程式,20240812T165800,20251119T135900,https://service.taipei/case-detail/AK009
警政類,警察局,警察局,AK010,0,警棍製造輸出申請,警察局,線上填表,20240812T165900,20251110T170000,https://service.taipei/case-detail/AK010
警政類,警察局,警察局,AK011,0,申請調閱錄影監視系統影音資料,警察局,線上填表,20240812T170000,20251121T110100,https://service.taipei/case-detail/AK011
警政類,警察局,警察局,AK012,0,人民申請核發魚槍使用執照,警察局,非全程式,20240812T170100,20260312T091100,https://service.taipei/case-detail/AK012
警政類,警察局,警察局,AK013,0,警察刑事紀錄證明,警察局,非全程式,20240812T170200,20251201T111700,https://service.taipei/case-detail/AK013
警政類,警察局,警察局,AK014,0,原住民、漁民申請製造運輸持有販賣轉讓出租出借寄藏自製獵槍、魚槍及換照,警察局,非全程式,20241016T170700,20260312T091200,https://service.taipei/case-detail/AK014
衛生類,衛生局,衛生局,AL001,62,乳攝車支援報備申請,衛生局,全程式,20240813T115200,20251121T152900,https://service.taipei/case-detail/AL001
衛生類,衛生局,衛生局,AL002,55,管制藥品銷燬,衛生局,網路預約,20240813T115400,20250814T093200,https://service.taipei/case-detail/AL002
衛生類,衛生局,衛生局,AL003,84,醫院登錄事項變更登記,衛生局,非全程式,20240813T115700,20251223T145500,https://service.taipei/case-detail/AL003
衛生類,衛生局,衛生局,AL004,82,醫院開業遷址登記,衛生局,非全程式,20240813T115800,20251223T145300,https://service.taipei/case-detail/AL004
衛生類,衛生局,衛生局,AL005,83,醫院停、復、歇業登記,衛生局,非全程式,20240813T115900,20251205T105500,https://service.taipei/case-detail/AL005
衛生類,衛生局,衛生局,AL006,86,公共衛生師事務所設立及異動(設立、歇業、停業、復業、變更登記及登記證遺失毀損補發),衛生局,非全程式,20240813T120000,20251205T111100,https://service.taipei/case-detail/AL006
衛生類,衛生局,衛生局,AL007,85,公共衛生師業態登記（執業、歇業、停業、復業及執照換發）,衛生局,非全程式,20240813T120100,20251205T111700,https://service.taipei/case-detail/AL007
衛生類,衛生局,衛生局,AL008,1,喘息服務及專業服務特約申請,衛生局,線上填表,20240813T141000,20251205T172300,https://service.taipei/case-detail/AL008
衛生類,衛生局,衛生局,AL009,80,臺北市財團法人衛生基金會設立,衛生局,非全程式,20240813T141100,20251205T093200,https://service.taipei/case-detail/AL009
衛生類,衛生局,衛生局,AL010,59,居家失能個案家庭醫師照護方案特約申請,衛生局,非全程式,20240813T143200,20260318T095100,https://service.taipei/case-detail/AL010
衛生類,衛生局,衛生局,AL011,3,預防接種證明書,衛生局,全程式,20240813T143300,20260317T170700,https://service.taipei/case-detail/AL011
衛生類,衛生局,衛生局,AL012,4,醫事人員變更登記,衛生局,非全程式,20240813T143600,20251216T113500,https://service.taipei/case-detail/AL012
衛生類,衛生局,衛生局,AL013,5,醫事人員年資證明,衛生局,非全程式,20240813T143700,20260323T111000,https://service.taipei/case-detail/AL013
衛生類,衛生局,衛生局,AL014,6,診所及醫事機構開業及遷址登記,衛生局,非全程式,20240813T143800,20251217T150300,https://service.taipei/case-detail/AL014
衛生類,衛生局,衛生局,AL015,7,診所及醫事機構停、復、歇業登記,衛生局,非全程式,20240813T143900,20251211T150500,https://service.taipei/case-detail/AL015
衛生類,衛生局,衛生局,AL016,8,診所、醫事機構登錄事項變更登記,衛生局,非全程式,20240813T144000,20251217T151000,https://service.taipei/case-detail/AL016
衛生類,衛生局,衛生局,AL017,9,醫事人員執業登記,衛生局,非全程式,20240813T144100,20251217T151300,https://service.taipei/case-detail/AL017
衛生類,衛生局,衛生局,AL018,10,醫事人員歇業登記,衛生局,非全程式,20240813T144100,20251217T151400,https://service.taipei/case-detail/AL018
衛生類,衛生局,衛生局,AL019,11,醫事人員停業登記,衛生局,非全程式,20240813T144200,20251211T155000,https://service.taipei/case-detail/AL019
衛生類,衛生局,衛生局,AL020,12,醫事人員復業登記,衛生局,非全程式,20240813T144300,20251211T155300,https://service.taipei/case-detail/AL020
衛生類,衛生局,衛生局,AL021,13,醫事人員執業執照遺失補發,衛生局,非全程式,20240813T144400,20251217T151700,https://service.taipei/case-detail/AL021
衛生類,衛生局,衛生局,AL022,14,醫事人員執業執照損壞補發,衛生局,非全程式,20240813T144500,20251217T152000,https://service.taipei/case-detail/AL022
衛生類,衛生局,衛生局,AL023,15,醫事人員執業執照到期換發,衛生局,非全程式,20240813T144500,20251217T152100,https://service.taipei/case-detail/AL023
衛生類,衛生局,衛生局,AL024,16,醫療廣告（電視、廣播）,衛生局,非全程式,20240813T144600,20251211T161200,https://service.taipei/case-detail/AL024
衛生類,衛生局,衛生局,AL025,17,醫事人員前往其他醫療(事)機構執行業務,衛生局,全程式,20240813T144800,20251217T152900,https://service.taipei/case-detail/AL025
衛生類,衛生局,衛生局,AL026,18,從業執照登記,衛生局,非全程式,20240813T144900,20251211T161900,https://service.taipei/case-detail/AL026
衛生類,衛生局,衛生局,AL027,19,從業人員停、復、歇業登記,衛生局,非全程式,20240813T144900,20251217T154300,https://service.taipei/case-detail/AL027
衛生類,衛生局,衛生局,AL028,21,精神復健機構歇業,衛生局,非全程式,20240813T145500,20251215T105300,https://service.taipei/case-detail/AL028
衛生類,衛生局,衛生局,AL029,22,心理治療（諮商）所開業、變更負責人及遷址登記,衛生局,非全程式,20240813T150000,20251215T105600,https://service.taipei/case-detail/AL029
衛生類,衛生局,衛生局,AL030,23,心理治療（諮商）所歇業,衛生局,非全程式,20240813T150100,20251215T105900,https://service.taipei/case-detail/AL030
衛生類,衛生局,衛生局,AL031,24,產後護理之家歇業、停業或變更登記及負責人事項,衛生局,,20240813T150200,20250805T141600,https://service.taipei/case-detail/AL031
衛生類,衛生局,衛生局,AL032,25,五百平方公尺以上護理機構許可及開業（設置、擴充或遷移）,衛生局,,20240813T150500,20250804T153700,https://service.taipei/case-detail/AL032
衛生類,衛生局,衛生局,AL033,26,五百平方公尺以下護理機構許可及開業（設置、擴充或遷移）,衛生局,,20240813T150500,20250804T155100,https://service.taipei/case-detail/AL033
衛生類,衛生局,衛生局,AL034,27,106年6月3日以前成立護理機構歇業、停業、復業或登記事項變更,衛生局,,20240813T150600,20250804T160700,https://service.taipei/case-detail/AL034
衛生類,衛生局,衛生局,AL035,29,社區心理衛生中心場地借用,衛生局,全程式,20240813T150900,20260119T113900,https://service.taipei/case-detail/AL035
衛生類,衛生局,衛生局,AL036,30,救護車營業機構籌設、開業及遷址,衛生局,非全程式,20240813T151000,20260305T185200,https://service.taipei/case-detail/AL036
衛生類,衛生局,衛生局,AL037,31,救護車新設置登記及展延,衛生局,非全程式,20240813T151100,20260305T185300,https://service.taipei/case-detail/AL037
衛生類,衛生局,衛生局,AL038,32,救護車設置機關（構）登錄事項變更（機構名稱、負責人、救護車過戶、救護車停止或恢復使用、機關（構）停業、歇業、裁撤或解散者、救護車註銷、變更用途）登記,衛生局,非全程式,20240813T151100,20251223T170700,https://service.taipei/case-detail/AL038
衛生類,衛生局,衛生局,AL039,33,臺北市兒童醫療補助資格,衛生局,全程式,20240813T151200,20260213T112100,https://service.taipei/case-detail/AL039
衛生類,衛生局,衛生局,AL040,34,長期照顧服務,衛生局,全程式,20240813T151300,20260309T153400,https://service.taipei/case-detail/AL040
衛生類,衛生局,衛生局,AL041,35,藥師、藥劑生執業、復業、變更登記,衛生局,全程式,20240813T151400,20260319T155300,https://service.taipei/case-detail/AL041
衛生類,衛生局,衛生局,AL042,36,藥師、藥劑生執業執照停業、歇業（註銷）,衛生局,全程式,20240813T151400,20260318T095000,https://service.taipei/case-detail/AL042
衛生類,衛生局,衛生局,AL043,37,製造業藥商、醫療器材商籌設、設立、變更、停業、歇業登記,衛生局,全程式,20240813T151500,20260324T111100,https://service.taipei/case-detail/AL043
衛生類,衛生局,衛生局,AL044,38,藥品、醫療器材廣告審查許可及展期,衛生局,全程式,20240813T151600,20251218T161500,https://service.taipei/case-detail/AL044
衛生類,衛生局,衛生局,AL045,39,住宿式服務機構使用者補助方案(護理之家、住宿式機構),衛生局,非全程式,20240813T151700,20251218T162400,https://service.taipei/case-detail/AL045
衛生類,衛生局,衛生局,AL046,40,消費者中藥製劑重金屬送驗申請,衛生局,全程式,20240813T151800,20251218T172400,https://service.taipei/case-detail/AL046
衛生類,衛生局,衛生局,AL047,41,消費者中藥製劑摻西藥成分送驗申請,衛生局,全程式,20240813T151900,20251218T172500,https://service.taipei/case-detail/AL047
衛生類,衛生局,衛生局,AL048,42,營養師執業、復業、變更登記,衛生局,全程式,20240813T152000,20260319T160800,https://service.taipei/case-detail/AL048
衛生類,衛生局,衛生局,AL049,43,營養師執業執照停業、歇業（註銷）,衛生局,全程式,20240813T152000,20260302T084600,https://service.taipei/case-detail/AL049
衛生類,衛生局,衛生局,AL050,44,營養師支援報備,衛生局,全程式,20240813T152100,20260319T160900,https://service.taipei/case-detail/AL050
衛生類,衛生局,衛生局,AL051,45,營養諮詢機構設立,衛生局,全程式,20240813T152200,20260318T104300,https://service.taipei/case-detail/AL051
衛生類,衛生局,衛生局,AL052,46,藥事人員前往他機構支援報備,衛生局,全程式,20240813T152400,20251203T144500,https://service.taipei/case-detail/AL052
衛生類,衛生局,衛生局,AL053,47,酒類製造業者衛生設備合格證明書,衛生局,非全程式,20240813T152500,20251121T152800,https://service.taipei/case-detail/AL053
衛生類,衛生局,衛生局,AL054,48,販賣業藥商、醫療器材商籌設,衛生局,全程式,20240813T152700,20260313T094600,https://service.taipei/case-detail/AL054
衛生類,衛生局,衛生局,AL055,49,販賣業藥商、醫療器材商、藥局設立及補換發登記-公司、外商在臺分公司; 行（商）號; 分公司、營業所、門市部;藥局,衛生局,非全程式,20240813T152800,20260319T161300,https://service.taipei/case-detail/AL055
衛生類,衛生局,衛生局,AL056,50,販賣業藥商、醫療器材商、藥局設立及補換發登記-中藥藥商(換領中藥藥商許可執照);藥商、醫療器材商、藥局執照補換發登記,衛生局,非全程式,20240813T152900,20260319T161300,https://service.taipei/case-detail/AL056
衛生類,衛生局,衛生局,AL057,51,販賣業藥商、醫療器材商、藥局變更登記-地址; （跨區）管理人或藥師(藥劑生)執業執照; 負責人; 管理人,衛生局,非全程式,20240813T153000,20260319T161300,https://service.taipei/case-detail/AL057
衛生類,衛生局,衛生局,AL058,52,販賣業藥商、醫療器材商、藥局變更登記-營業項目;有管制藥品登記證者;報備藥品、醫療器材倉儲,衛生局,非全程式,20240813T153100,20260319T161400,https://service.taipei/case-detail/AL058
衛生類,衛生局,衛生局,AL059,56,衛生檢驗,衛生局,網路預約,20240813T153200,20251222T150200,https://service.taipei/case-detail/AL059
衛生類,衛生局,衛生局,AL060,57,補助舉辦國際醫藥衛生會議,衛生局,全程式,20240813T153200,20251205T150100,https://service.taipei/case-detail/AL060
衛生類,衛生局,衛生局,AL061,58,在宅病故驗屍（行政相驗）服務,衛生局,非全程式,20240813T153400,20251222T152800,https://service.taipei/case-detail/AL061
衛生類,衛生局,衛生局,AL062,60,臺北市輻射污染建築物事件慰問金,衛生局,全程式,20240813T153500,20251112T173800,https://service.taipei/case-detail/AL062
衛生類,衛生局,衛生局,AL063,61,臺北市輻射污染建築物事件初次健康檢查,衛生局,全程式,20240813T153500,20251121T160300,https://service.taipei/case-detail/AL063
衛生類,衛生局,衛生局,AL064,63,五百平方公尺以上產後護理之家許可及開業（設置、擴充、復業或遷移）,衛生局,,20240813T153600,20251222T161900,https://service.taipei/case-detail/AL064
衛生類,衛生局,衛生局,AL065,64,五百平方公尺以下產後護理之家許可及開業（設置、擴充、復業或遷移）,衛生局,,20240813T153700,20251222T163000,https://service.taipei/case-detail/AL065
衛生類,衛生局,衛生局,AL066,65,長期照護服務人員認證、補/換發、更新申請,衛生局,非全程式,20240813T153900,20251223T141900,https://service.taipei/case-detail/AL066
衛生類,衛生局,衛生局,AL067,66,長期照顧服務住宿式/綜合式(需含住宿式)機構社團法人設立許可,衛生局,線上填表,20240813T154100,20251222T163900,https://service.taipei/case-detail/AL067
衛生類,衛生局,衛生局,AL068,67,長期照顧服務住宿式/綜合式(需含住宿式)機構社團法人核定登記,衛生局,線上填表,20240813T154200,20251222T164200,https://service.taipei/case-detail/AL068
衛生類,衛生局,衛生局,AL069,68,長期照顧服務住宿式/綜合式(需含住宿式)機構財團法人設立許可,衛生局,線上填表,20240813T154400,20251222T164900,https://service.taipei/case-detail/AL069
衛生類,衛生局,衛生局,AL070,69,長期照顧服務住宿式/綜合式(需含住宿式)機構財團法人核定登記,衛生局,線上填表,20240813T154500,20251222T164800,https://service.taipei/case-detail/AL070
衛生類,衛生局,衛生局,AL071,70,長期照顧服務住宿式/綜合式(需含住宿式)機構籌設及設立許可(設置或遷移),衛生局,線上填表,20240813T154600,20251222T165500,https://service.taipei/case-detail/AL071
衛生類,衛生局,衛生局,AL073,72,臺北市身心障礙者醫療輔具及醫療費用補助申請,衛生局,全程式,20240813T154700,20251231T120700,https://service.taipei/case-detail/AL073
衛生類,衛生局,衛生局,AL074,73,臺北市氣切個案進住照護機構費用補助申請,衛生局,線上填表,20240813T154800,20251231T121200,https://service.taipei/case-detail/AL074
衛生類,衛生局,衛生局,AL075,74,「糖尿病共同照護網」醫事人員及醫事機構認證、展延,衛生局,全程式,20240813T163400,20251126T175300,https://service.taipei/case-detail/AL075
衛生類,衛生局,衛生局,AL076,75,「心血管疾病防治網」醫事人員及醫事機構認證、展延,衛生局,全程式,20240813T163500,20251223T142800,https://service.taipei/case-detail/AL076
衛生類,衛生局,衛生局,AL077,76,「糖尿病共同照護網」學分認證,衛生局,非全程式,20240813T163500,20251126T172300,https://service.taipei/case-detail/AL077
衛生類,衛生局,衛生局,AL078,77,「心血管疾病防治網」學分認證,衛生局,非全程式,20240813T163600,20250729T152600,https://service.taipei/case-detail/AL078
衛生類,衛生局,衛生局,AL079,78,救護車人員異動申請,衛生局,全程式,20240813T163700,20251223T144000,https://service.taipei/case-detail/AL079
衛生類,衛生局,衛生局,AL080,79,AED安心場所認證,衛生局,非全程式,20240813T163800,20251223T144200,https://service.taipei/case-detail/AL080
衛生類,衛生局,衛生局,AL081,81,外籍家庭看護工求才登記,衛生局,非全程式,20240813T163800,20251223T145000,https://service.taipei/case-detail/AL081
衛生類,衛生局,衛生局,AL082,2,外縣市救護車營業機構跨區營運,衛生局,非全程式,20240813T163900,20251211T145100,https://service.taipei/case-detail/AL082
衛生類,衛生局,衛生局,AL083,71,長期照顧服務住宿式/綜合式(需含住宿式)機構復業、歇業、停業、擴充、縮減或變更登記及負責人事項,衛生局,線上填表,20240816T144800,20250730T161100,https://service.taipei/case-detail/AL083
衛生類,衛生局,衛生局,AL084,20,精神復健機構設立許可及開業（設置、擴充、遷址、變更負責人）,衛生局,非全程式,20241017T150600,20260324T100900,https://service.taipei/case-detail/AL084
衛生類,衛生局,衛生局,AL086,28,醫療爭議調解,衛生局,非全程式,20241226T160400,20251126T161400,https://service.taipei/case-detail/AL086
衛生類,衛生局,衛生局,AL087,88,助孕生殖「醫療性凍卵」補助,衛生局,全程式,20250213T161900,20260312T171500,https://service.taipei/case-detail/AL087
衛生類,衛生局,衛生局,AL088,87,助孕生殖「人工生殖(試管嬰兒)加碼」補助,衛生局,全程式,20250213T162300,20260312T171500,https://service.taipei/case-detail/AL088
衛生類,衛生局,衛生局,AL089,53,販賣業藥商、醫療器材商、藥局停歇業登記,衛生局,非全程式,20250409T160100,20260318T093000,https://service.taipei/case-detail/AL089
衛生類,衛生局,衛生局,AL090,54,販賣業藥商、醫療器材商、藥局復業登記,衛生局,全程式,20250409T160200,20260318T092800,https://service.taipei/case-detail/AL090
環保類,環保局,環保局,AM001,0,工廠登記、變更登記、設立許可或變更許可有關環保設施審查申請,環保局,全程式,20240814T111800,20260306T163500,https://service.taipei/case-detail/AM001
環保類,環保局,環保局,AM002,0,臺北市廣告板欄設置申請,環保局,全程式,20240814T111800,20260313T094200,https://service.taipei/case-detail/AM002
環保類,環保局,環保局,AM003,0,臺北市機車排放空氣污染物檢驗站檢驗人員健康檢查補助,環保局,全程式,20240814T111900,20250730T165700,https://service.taipei/case-detail/AM003
環保類,環保局,環保局,AM004,0,申請臺北市乙、丙級廢棄物清除機構之「清除許可」(不含新設、展延、內容變更),環保局,全程式,20240814T112000,20260320T111600,https://service.taipei/case-detail/AM004
環保類,環保局,環保局,AM005,0,專車專運社區及公寓大廈家戶廢棄物委託焚化廠代處_申請,環保局,全程式,20240814T112200,20260123T145000,https://service.taipei/case-detail/AM005
環保類,環保局,環保局,AM006,0,臺北市機車排放空氣污染物檢驗站設置申請,環保局,全程式,20240814T112400,20250730T165700,https://service.taipei/case-detail/AM006
環保類,環保局,環保局,AM007,0,臺北市機車排放空氣污染物檢驗站認可證展延、廢止及排氣分析儀變更申請,環保局,非全程式,20240814T112400,20250730T170100,https://service.taipei/case-detail/AM007
環保類,環保局,環保局,AM008,0,廢食用油回收工作證申請,環保局,全程式,20240814T112500,20250730T142400,https://service.taipei/case-detail/AM008
環保類,環保局,環保局,AM009,0,註銷毒性化學物質許可證、登記文件、核可文件,環保局,非全程式,20240814T112600,20260324T093700,https://service.taipei/case-detail/AM009
環保類,環保局,環保局,AM010,0,臺北市環境教育基金補助民間團體辦理環境教育推展,環保局,全程式,20240814T112700,20260306T164800,https://service.taipei/case-detail/AM010
環保類,環保局,環保局,AM011,0,申請室內空氣品質自主管理標章,環保局,全程式,20240814T112800,20250805T141100,https://service.taipei/case-detail/AM011
環保類,環保局,環保局,AM012,0,申請公告場所室內空氣品質維護管理專責人員設置,環保局,非全程式,20240814T112800,20250730T162700,https://service.taipei/case-detail/AM012
環保類,環保局,環保局,AM013,0,臺北市環境教育基金補助民間團體辦理環境教育核銷,環保局,非全程式,20240814T112900,20260306T161400,https://service.taipei/case-detail/AM013
環保類,環保局,環保局,AM014,0,清運機具即時追蹤系統GPS審驗申請,環保局,全程式,20240814T113000,20250730T142500,https://service.taipei/case-detail/AM014
環保類,環保局,環保局,AM015,0,廢棄物處理場申請拍攝、活動,環保局,全程式,20240814T113100,20250730T143600,https://service.taipei/case-detail/AM015
環保類,環保局,環保局,AM016,0,土壤污染評估調查及檢測資料申報審查,環保局,非全程式,20240814T113100,20260324T102500,https://service.taipei/case-detail/AM016
環保類,環保局,環保局,AM017,0,申請毒性及關注化學物質運送危害預防及應變計畫備查,環保局,全程式,20240814T113200,20251125T081100,https://service.taipei/case-detail/AM017
環保類,環保局,環保局,AM018,0,事業或污水下水道系統廢(污)水處理專責單位或人員設置及異動申請,環保局,全程式,20240814T113200,20251124T105400,https://service.taipei/case-detail/AM018
環保類,環保局,環保局,AM019,0,營建工程空氣污染防制設施管理辦法替代防制設施申請,環保局,全程式,20240814T113300,20250730T164800,https://service.taipei/case-detail/AM019
環保類,環保局,環保局,AM020,0,臺北市加油站加油機油槍復用申請,環保局,全程式,20240814T113400,20250730T165400,https://service.taipei/case-detail/AM020
環保類,環保局,環保局,AM021,0,臺北市加油站油氣管線液體阻塞檢測報告書審查,環保局,全程式,20240814T113400,20250730T165600,https://service.taipei/case-detail/AM021
環保類,環保局,環保局,AM022,0,臺北市機車排放空氣污染物檢驗站認可證登載事項變更申請,環保局,非全程式,20240814T113600,20251117T084200,https://service.taipei/case-detail/AM022
環保類,環保局,環保局,AM023,0,申請毒性及關注化學物質應變器材與偵測警報設備計畫備查,環保局,全程式,20240814T113600,20251124T105300,https://service.taipei/case-detail/AM023
環保類,環保局,環保局,AM024,0,申請毒性及關注化學物質廠(場)危害預防及應變計畫備查,環保局,全程式,20240814T113700,20251124T105100,https://service.taipei/case-detail/AM024
環保類,環保局,環保局,AM025,0,申請毒性及關注化學物質災害事故應變車輛登記文件(含展延、變更、廢止),環保局,,20240814T113700,20250730T135300,https://service.taipei/case-detail/AM025
環保類,環保局,環保局,AM026,0,廢棄物清理專業技術人員設置申請,環保局,全程式,20240814T115000,20250805T170000,https://service.taipei/case-detail/AM026
環保類,環保局,環保局,AM027,0,臺北市住宅社區創能儲能及節能補助申請,環保局,非全程式,20240814T115200,20260312T111900,https://service.taipei/case-detail/AM027
環保類,環保局,環保局,AM028,0,臺北市住宅社區創能儲能及節能補助核銷,環保局,非全程式,20240814T115300,20260312T104700,https://service.taipei/case-detail/AM028
環保類,環保局,環保局,AM029,0,固定污染源空氣污染物連續自動監測設施書件審查,環保局,全程式,20240814T115400,20251113T160800,https://service.taipei/case-detail/AM029
環保類,環保局,環保局,AM030,0,臺北市社會福利團體(機構)設置舊衣回收設施申請,環保局,全程式,20240814T115500,20250904T142700,https://service.taipei/case-detail/AM030
環保類,環保局,環保局,AM031,0,廢棄物長期委託焚化廠代處理之「同意處理文件」申請,環保局,全程式,20240814T115600,20260224T153800,https://service.taipei/case-detail/AM031
環保類,環保局,環保局,AM032,0,申請臺北市乙、丙級廢棄物清除機構之「清除許可」(含新設、展延、內容變更),環保局,全程式,20240814T115700,20260323T174800,https://service.taipei/case-detail/AM032
環保類,環保局,環保局,AM033,0,申請固定空氣污染源設置及操作許可證,環保局,全程式,20240814T115800,20250730T170100,https://service.taipei/case-detail/AM033
環保類,環保局,環保局,AM034,0,末期營建工程空氣污染防制費申繳及退費申請,環保局,全程式,20240814T121000,20260311T111400,https://service.taipei/case-detail/AM034
環保類,環保局,環保局,AM035,0,事業或污水下水道系統之水污染防治措施計畫及許可證（文件）申請,環保局,非全程式,20240814T142300,20260323T174600,https://service.taipei/case-detail/AM035
環保類,環保局,環保局,AM036,0,環境用藥販賣業許可執照,環保局,非全程式,20240814T142400,20260324T092300,https://service.taipei/case-detail/AM036
環保類,環保局,環保局,AM037,0,病媒防治業許可執照,環保局,非全程式,20240814T142500,20260324T092000,https://service.taipei/case-detail/AM037
環保類,環保局,環保局,AM038,0,申請一般廢棄物及一般事業廢棄物進入廢棄物處理場銷毀,環保局,全程式,20240814T142500,20260319T112100,https://service.taipei/case-detail/AM038
環保類,環保局,環保局,AM039,0,流動廁所租借,環保局,全程式,20240814T142600,20260313T141900,https://service.taipei/case-detail/AM039
環保類,環保局,環保局,AM040,0,毒性化學物質許可證,環保局,非全程式,20240814T142700,20260310T184000,https://service.taipei/case-detail/AM040
環保類,環保局,環保局,AM041,0,毒性化學物質登記文件,環保局,非全程式,20240814T142800,20260310T183700,https://service.taipei/case-detail/AM041
環保類,環保局,環保局,AM043,0,申請有害事業廢棄物採熱處理法「試運轉」,環保局,全程式,20240814T142900,20250730T143100,https://service.taipei/case-detail/AM043
環保類,環保局,環保局,AM044,0,甲級廢棄物清除機構之「清除許可」申請,環保局,全程式,20240814T143000,20260323T151300,https://service.taipei/case-detail/AM044
環保類,環保局,環保局,AM046,0,環境影響評估案件審查作業,環保局,全程式,20240814T143200,20251113T161400,https://service.taipei/case-detail/AM046
環保類,環保局,環保局,AM047,0,事業廢棄物清理計畫書,環保局,全程式,20240814T143300,20260323T145200,https://service.taipei/case-detail/AM047
環保類,環保局,環保局,AM049,0,廢棄物處理機構之「同意設置文件」申請,環保局,全程式,20240814T143600,20260312T100100,https://service.taipei/case-detail/AM049
環保類,環保局,環保局,AM050,0,臺北松山機場周圍地區住戶航空噪音防制經費補助申請,環保局,非全程式,20240814T143700,20260323T101200,https://service.taipei/case-detail/AM050
環保類,環保局,環保局,AM051,0,臺北市政府環境保護局代處理一般事業廢棄物採刷卡記帳或採現金繳費方式,環保局,全程式,20240814T143800,20260123T145200,https://service.taipei/case-detail/AM051
環保類,環保局,環保局,AM052,0,臺北市固定污染源空氣污染防制費申報,環保局,全程式,20240814T144000,20250730T170200,https://service.taipei/case-detail/AM052
環保類,環保局,環保局,AM053,0,毒性及關注化學物質核可文件,環保局,非全程式,20240814T144100,20260310T181800,https://service.taipei/case-detail/AM053
環保類,環保局,環保局,AM054,0,毒性及關注化學物質專業技術管理人員設置核定文件,環保局,非全程式,20240814T144100,20260311T160500,https://service.taipei/case-detail/AM054
環保類,環保局,環保局,AM055,0,首期營建工程空氣污染防制費申繳申請,環保局,全程式,20240814T144200,20260311T160700,https://service.taipei/case-detail/AM055
環保類,環保局,環保局,AM056,0,管線工程開口合約網路申請空污費管制編號,環保局,全程式,20240814T144300,20260311T111800,https://service.taipei/case-detail/AM056
環保類,環保局,環保局,AM057,0,營建工地逕流廢水污染削減計畫申請,環保局,全程式,20240814T144400,20260324T094100,https://service.taipei/case-detail/AM057
環保類,環保局,環保局,AM058,0,辦理機車汰舊換新購買電動機車補助,環保局,全程式,20240814T144400,20250730T180000,https://service.taipei/case-detail/AM058
環保類,環保局,環保局,AM059,0,承攬臺北市營建工程無事業廢棄物產出申請解除列管,環保局,全程式,20240814T144500,20251223T163700,https://service.taipei/case-detail/AM059
環保類,環保局,環保局,AM060,0,申請判定是否應提報事業廢棄物清理計畫書及網路申報廢棄物流向,環保局,全程式,20240814T144600,20251223T163800,https://service.taipei/case-detail/AM060
環保類,環保局,環保局,AM061,0,申請臺_市垃圾處_廠場回饋設施游泳池兒童證,環保局,全程式,20240814T144700,20260319T113300,https://service.taipei/case-detail/AM061
環保類,環保局,環保局,AM062,0,申請應回收廢棄物回收業登記證,環保局,全程式,20240814T144800,20260311T150400,https://service.taipei/case-detail/AM062
環保類,環保局,環保局,AM063,0,申請應回收廢棄物處理業登記證,環保局,全程式,20240814T144900,20260311T150400,https://service.taipei/case-detail/AM063
環保類,環保局,環保局,AM064,0,申請應回收廢棄物回收業及處理業變更登記,環保局,全程式,20240814T145000,20260311T152300,https://service.taipei/case-detail/AM064
環保類,環保局,環保局,AM065,0,申請應回收廢棄物回收處理業登記證展延,環保局,全程式,20240814T145000,20260311T150400,https://service.taipei/case-detail/AM065
環保類,環保局,環保局,AM066,0,臺北市環保公害糾紛調處申請,環保局,全程式,20240814T145100,20260323T171400,https://service.taipei/case-detail/AM066
環保類,環保局,環保局,AM067,0,臺北市輻射污染建築物改善工程補助費用申請,環保局,全程式,20240814T145200,20250731T162100,https://service.taipei/case-detail/AM067
環保類,環保局,環保局,AM068,0,臺北市輻射污染建築物拆除補助費用申請,環保局,全程式,20240814T145200,20250731T162400,https://service.taipei/case-detail/AM068
環保類,環保局,環保局,AM070,0,指定電池汞、鎘含量確認文件申請審查,環保局,全程式,20240814T152500,20260108T160600,https://service.taipei/case-detail/AM070
環保類,環保局,環保局,AM071,0,臺北市市有垃圾處理廠場回饋設施藝文教室預約申請,環保局,非全程式,20240814T152600,20250807T170200,https://service.taipei/case-detail/AM071
環保類,環保局,環保局,AM072,0,臺北市市有垃圾處理廠場回饋設施交誼廳預約申請,環保局,非全程式,20240814T152700,20250730T151700,https://service.taipei/case-detail/AM072
環保類,環保局,環保局,AM073,0,臺北市市有垃圾處理廠場回饋設施多功能集會廳預約申請,環保局,非全程式,20240814T152700,20260119T110000,https://service.taipei/case-detail/AM073
環保類,環保局,環保局,AM076,0,淘汰二行程機車申請通勤月票補助,環保局,全程式,20240814T153100,20250730T170600,https://service.taipei/case-detail/AM076
環保類,環保局,環保局,AM077,0,臺北市市有垃圾處理廠場回饋設施網球場預約申請,環保局,非全程式,20240814T153200,20250730T154800,https://service.taipei/case-detail/AM077
環保類,環保局,環保局,AM080,0,臺北市道路路燈旗幟設置申請,環保局,全程式,20240814T153500,20260320T154500,https://service.taipei/case-detail/AM080
環保類,環保局,環保局,AM088,0,廢棄物處理機構之「處理許可」申請,環保局,全程式,20241223T162700,20251223T162500,https://service.taipei/case-detail/AM088
環保類,環保局,環保局,AM090,0,丙級廢棄物（水肥清運）清除許可及展延申請,環保局,全程式,20250211T084100,20260323T163600,https://service.taipei/case-detail/AM090
環保類,環保局,環保局,AM091,0,丙級廢棄物（水肥清運）清除許可及展延申請（不需繳費）,環保局,全程式,20250211T105100,20250730T143800,https://service.taipei/case-detail/AM091
都市發展類,都發局,都發局,AN001,0,臺北市都市計畫公共設施用地及土地使用分區證明,都發局,全程式,20240812T162300,20250814T124200,https://service.taipei/case-detail/AN001
都市發展類,都發局,都發局,AN002,0,臺北市都市計畫樁位規劃標高,都發局,全程式,20240812T162400,20251031T142100,https://service.taipei/case-detail/AN002
都市發展類,都發局,都發局,AN003,0,臺北市都市設計及土地使用開發許可審議幹事會審查,都發局,網路預約,20240812T162600,20250804T170400,https://service.taipei/case-detail/AN003
都市發展類,都發局,都發局,AN004,0,臺北市都市設計及土地使用開發許可審議委員會/專案委員會審議,都發局,網路預約,20240812T162900,20250804T170400,https://service.taipei/case-detail/AN004
都市發展類,都發局,都發局,AN005,0,臺北市都市設計及土地使用開發許可審議核定,都發局,網路預約,20240812T163100,20250804T171600,https://service.taipei/case-detail/AN005
都市發展類,都發局,都發局,AN006,0,臺北市地形圖數值圖檔申請,都發局,全程式,20240812T163300,20250814T101900,https://service.taipei/case-detail/AN006
都市發展類,都發局,都發局,AN007,0,臺北市都市設計及土地使用開發許可審議簡化審議程序審查,都發局,網路預約,20240812T163500,20250804T171100,https://service.taipei/case-detail/AN007
都市發展類,都發局,都發局,AN008,0,臺北市建築線指示申請,都發局,全程式,20240812T163500,20250731T121500,https://service.taipei/case-detail/AN008
都市發展類,都發局,都發局,AN009,0,行人徒步區設置申請,都發局,網路預約,20240812T163800,20250804T171400,https://service.taipei/case-detail/AN009
都市發展類,都發局,都發局,AN010,0,公益出租人資格審查,都發局,全程式,20240812T163900,20260223T140500,https://service.taipei/case-detail/AN010
都市發展類,都發局,都發局,AN011,0,社會住宅包租代管申請人資格審查,都發局,,20240812T164000,20260116T152300,https://service.taipei/case-detail/AN011
都市發展類,都發局,都發局,AN012,0,臺_市建築空地維護管_申請案,都發局,,20240812T164100,20251128T153200,https://service.taipei/case-detail/AN012
都市發展類,都發局,都發局,AN013,0,社會住宅育兒租金加碼補貼,都發局,全程式,20240812T164200,20251212T161900,https://service.taipei/case-detail/AN013
都市發展類,都發局,都發局,AN014,0,住宅租金加碼補貼,都發局,全程式,20240812T164300,20250818T160600,https://service.taipei/case-detail/AN014
都市發展類,都發局,都發局,AN015,0,300億元中央擴大租金補貼,都發局,全程式,20240812T164400,20250818T161900,https://service.taipei/case-detail/AN015
都市發展類,都發局,都發局,AN016,0,低收入戶租金補貼,都發局,全程式,20240812T164500,20250818T162000,https://service.taipei/case-detail/AN016
都市發展類,都發局,都發局,AN017,0,申請容積代金委託估價/容積代金預先繳納作業,都發局,網路預約,20240812T164700,20260320T145400,https://service.taipei/case-detail/AN017
都市發展類,都發局,都發局,AN018,0,臺北市都市計畫樁位申請恢復,都發局,非全程式,20240812T164900,20250925T153900,https://service.taipei/case-detail/AN018
都市發展類,都發局,都發局,AN019,0,申請「臺北市都市計畫容積移轉許可」書面審查,都發局,非全程式,20240812T165000,20250820T145800,https://service.taipei/case-detail/AN019
都市發展類,都發局,都發局,AN020,0,申請核發「臺北市都市計畫容積移轉許可」,都發局,非全程式,20240812T165100,20250818T153700,https://service.taipei/case-detail/AN020
都市發展類,都發局,都發局,AN021,0,臺北市社會住宅出租申請,都發局,全程式,20240812T165200,20250819T102000,https://service.taipei/case-detail/AN021
都市發展類,都發局,都發局,AN022,0,臺北市現有巷道廢止或改道申請,都發局,非全程式,20241226T154200,20251020T143500,https://service.taipei/case-detail/AN022
都市發展類,都發局,都發局,AN023,0,臺北市政府容積移轉前置作業查詢系統審查,都發局,全程式,20241226T154600,20250924T165600,https://service.taipei/case-detail/AN023
都市發展類,都發局,都發局,AN024,0,出租國宅育兒租金加碼補貼,都發局,全程式,20241226T154800,20251127T094500,https://service.taipei/case-detail/AN024
文化類,文化局,文化局,AO001,0,1、臺北市文化藝術財團法人(基金會)設立,文化局,非全程式,20240809T160000,20250919T135400,https://service.taipei/case-detail/AO001
文化類,文化局,文化局,AO002,0,2、臺北市文化藝術財團法人(基金會)解散,文化局,,20240809T160300,20250919T135700,https://service.taipei/case-detail/AO002
文化類,文化局,文化局,AO003,0,3、臺北市文化藝術財團法人(基金會)變更,文化局,,20240809T160500,20260129T112100,https://service.taipei/case-detail/AO003
文化類,文化局,文化局,AO004,0,4、臺北市藝文補助（常態）,文化局,全程式,20240809T160600,20260205T104700,https://service.taipei/case-detail/AO004
文化類,文化局,文化局,AO005,0,5、臺北市藝文補助（兩岸/國際文化交流）,文化局,全程式,20240809T161100,20260130T134000,https://service.taipei/case-detail/AO005
文化類,文化局,文化局,AO006,0,6、臺北市藝文補助計畫變更,文化局,全程式,20240809T161200,20260205T104800,https://service.taipei/case-detail/AO006
文化類,文化局,文化局,AO007,0,7、臺北市特定路段舉辦臨時活動,文化局,非全程式,20240809T161400,20260318T105700,https://service.taipei/case-detail/AO007
文化類,文化局,文化局,AO008,0,8、臺北市年度演藝團隊徵選與獎勵計畫,文化局,全程式,20240809T161600,20260105T102200,https://service.taipei/case-detail/AO008
文化類,文化局,文化局,AO016,0,16、臺北市文化資產補助,文化局,非全程式,20240809T162900,20260213T143500,https://service.taipei/case-detail/AO016
文化類,文化局,文化局,AO017,0,17、臺北市民眾申請古蹟或歷史建築保存案,文化局,非全程式,20240809T163100,20260223T082200,https://service.taipei/case-detail/AO017
文化類,文化局,文化局,AO018,0,18、臺北市台北二二八紀念館受理入館攝錄影、採訪申請,文化局,全程式,20240809T163300,20250819T143400,https://service.taipei/case-detail/AO018
文化類,文化局,文化局,AO019,0,19、臺北市台北二二八紀念館場地使用申請,文化局,全程式,20240809T163500,20250918T135500,https://service.taipei/case-detail/AO019
文化類,文化局,文化局,AO020,0,20、臺北市台北二二八紀念館受理學校或機關團體預約導覽,文化局,全程式,20240809T163600,20250730T113400,https://service.taipei/case-detail/AO020
文化類,文化局,文化局,AO021,0,21、臺北市台北二二八紀念館受理語音導覽服務,文化局,全程式,20240809T164000,20250902T154800,https://service.taipei/case-detail/AO021
文化類,文化局,文化局,AO022,0,22、臺北市台北二二八紀念館館藏圖檔使用,文化局,全程式,20240809T164300,20250918T140100,https://service.taipei/case-detail/AO022
文化類,文化局,文化局,AO023,0,23、臺北市街頭藝人從事藝文展演活動登記,文化局,非全程式,20240809T164400,20250917T171100,https://service.taipei/case-detail/AO023
文化類,文化局,文化局,AO024,0,24、臺北市街頭藝人從事藝文展演活動申請變更藝文展演類別或項目,文化局,全程式,20240809T164500,20250917T172100,https://service.taipei/case-detail/AO024
文化類,文化局,文化局,AO025,0,25、藝響空間使用申請,文化局,非全程式,20240809T164600,20260106T184100,https://service.taipei/case-detail/AO025
文化類,文化局,文化局,AO026,0,26、臺北市演藝團體設立登記,文化局,非全程式,20240809T164800,20260213T163100,https://service.taipei/case-detail/AO026
文化類,文化局,文化局,AO027,0,27、臺北市演藝團體補發登記證,文化局,非全程式,20240809T164900,20260212T112500,https://service.taipei/case-detail/AO027
文化類,文化局,文化局,AO028,0,28、臺北市演藝團體解散登記,文化局,非全程式,20240809T165000,20260212T112500,https://service.taipei/case-detail/AO028
文化類,文化局,文化局,AO029,0,29、臺北市演藝團體代表人、團名、團址變更登記,文化局,非全程式,20240809T165800,20260212T112600,https://service.taipei/case-detail/AO029
文化類,文化局,文化局,AO030,0,30、臺北市演藝團體設立宗旨、團員名冊、團章或代表人章、類別變更登記,文化局,全程式,20240809T170000,20260212T112600,https://service.taipei/case-detail/AO030
文化類,文化局,文化局,AO031,0,31、臺北市演藝團體英文登記證申請,文化局,非全程式,20240809T170000,20260212T093800,https://service.taipei/case-detail/AO031
文化類,文化局,文化局,AO032,0,35、臺北市補助電影製作,文化局,非全程式,20240809T170300,20260323T115100,https://service.taipei/case-detail/AO032
文化類,文化局,文化局,AO033,0,36、臺北市補助國際電影攝製,文化局,非全程式,20240809T170500,20251210T171600,https://service.taipei/case-detail/AO033
文化類,文化局,文化局,AO034,0,37、臺北市政府文化局補助無形文化資產保存維護計畫,文化局,全程式,20240809T170900,20251125T152600,https://service.taipei/case-detail/AO034
文化類,文化局,文化局,AO035,0,38、臺北市水源劇場檔期申請使用,文化局,全程式,20240809T173300,20251210T172600,https://service.taipei/case-detail/AO035
文化類,文化局,文化局,AO036,0,39、臺北市水源劇場多功能小劇場(排練場)申請使用,文化局,全程式,20240809T174000,20251210T173300,https://service.taipei/case-detail/AO036
文化類,文化局,文化局,AO037,0,41、臺北市受保護樹木保護計畫及移植與復育計畫申請,文化局,全程式,20240809T174100,20260223T085800,https://service.taipei/case-detail/AO037
文化類,文化局,文化局,AO038,0,42、臺北市受保護樹木保育作業補助,文化局,全程式,20240809T174300,20260213T172800,https://service.taipei/case-detail/AO038
文化類,文化局,文化局,AO039,0,43、臺北市公共藝術設置計畫申請,文化局,全程式,20240809T174400,20260213T155700,https://service.taipei/case-detail/AO039
文化類,文化局,文化局,AO040,0,44、臺北市公共藝術補助,文化局,全程式,20240809T174500,20260302T084800,https://service.taipei/case-detail/AO040
文化類,文化局,文化局,AO041,0,45、臺北市公共藝術補助計畫變更,文化局,全程式,20240809T174500,20260102T104000,https://service.taipei/case-detail/AO041
文化類,文化局,文化局,AO042,0,46、臺北市文化海報張貼申請,文化局,非全程式,20240809T174700,20260223T083000,https://service.taipei/case-detail/AO042
文化類,文化局,文化局,AO043,0,47、臺北市私立博物館設立登記,文化局,非全程式,20240809T175300,20251118T144800,https://service.taipei/case-detail/AO043
文化類,文化局,文化局,AO044,0,48、臺北市私立博物館設立變更,文化局,非全程式,20240809T175400,20251118T144700,https://service.taipei/case-detail/AO044
文化類,文化局,文化局,AO049,0,81、文化創意產業永續補助,文化局,全程式,20250716T175300,20260126T164700,https://service.taipei/case-detail/AO049
文化類,文化局,文化局,AO050,0,82、文化創意產業永續補助計畫變更,文化局,非全程式,20250716T180700,20251210T175800,https://service.taipei/case-detail/AO050
消防類,消防局,消防局,AP001,0,火災證明申請,消防局,全程式,20240812T160800,20260107T164100,https://service.taipei/case-detail/AP001
消防類,消防局,消防局,AP002,0,施放專業爆竹煙火申請,消防局,全程式,20240812T160900,20250725T092400,https://service.taipei/case-detail/AP002
消防類,消防局,消防局,AP003,0,辦理消防設備竣工查驗（含使用執照、變更使用執照、室內裝修）,消防局,非全程式,20240812T161000,20251110T151800,https://service.taipei/case-detail/AP003
消防類,消防局,消防局,AP004,0,辦理消防設備會審（含建造執照、變更使用執照、室內裝修）,消防局,非全程式,20240812T161100,20251110T150800,https://service.taipei/case-detail/AP004
消防類,消防局,消防局,AP005,0,防災科學教育館參觀申請,消防局,全程式,20240812T161200,20250729T145300,https://service.taipei/case-detail/AP005
消防類,消防局,消防局,AP006,0,燃氣熱水器承裝業營業登記申請,消防局,全程式,20240812T161300,20260323T172900,https://service.taipei/case-detail/AP006
消防類,消防局,消防局,AP007,0,救護證明,消防局,全程式,20240812T161500,20260306T162000,https://service.taipei/case-detail/AP007
消防類,消防局,消防局,AP008,0,火災調查資料申請,消防局,全程式,20240812T161500,20260107T163900,https://service.taipei/case-detail/AP008
消防類,消防局,消防局,AP009,0,防災教育宣導服務線上申請,消防局,全程式,20240812T161700,20250730T153300,https://service.taipei/case-detail/AP009
消防類,消防局,消防局,AP011,0,消防風水師申請,消防局,,20240812T161900,20250731T155400,https://service.taipei/case-detail/AP011
消防類,消防局,消防局,AP012,0,火災證明申請(MyData申辦),消防局,全程式,20250730T115200,20250902T141200,https://service.taipei/case-detail/AP012
捷運局,捷運局,捷運局,AQ001,0,臺北市捷運建設技術資料使用申請,捷運局,非全程式,20240814T160700,20260312T100100,https://service.taipei/case-detail/AQ001
水庫管理類,翡管局,翡管局,AR001,0,翡翠水庫團體參訪,翡管局,全程式,20241225T115400,20250903T115400,https://service.taipei/case-detail/AR001
觀光傳播類,觀傳局,觀傳局,AS001,0,臺北市社區共同天線申請核轉,觀傳局,非全程式,20240813T165600,20250808T085700,https://service.taipei/case-detail/AS001
觀光傳播類,觀傳局,觀傳局,AS004,0,臺北市溫泉標章標識牌核發,觀傳局,非全程式,20240813T165800,20251203T140700,https://service.taipei/case-detail/AS004
觀光傳播類,觀傳局,觀傳局,AS005,0,臺北市國際會議、展覽及獎勵旅遊贊助,觀傳局,全程式,20240813T170200,20260323T171100,https://service.taipei/case-detail/AS005
觀光傳播類,觀傳局,觀傳局,AS006,0,臺北市一般觀光旅館籌設申請,觀傳局,非全程式,20240813T170400,20260316T114500,https://service.taipei/case-detail/AS006
觀光傳播類,觀傳局,觀傳局,AS007,0,臺北市一般觀光旅館變更設計申請,觀傳局,非全程式,20240813T170400,20260316T115600,https://service.taipei/case-detail/AS007
觀光傳播類,觀傳局,觀傳局,AS008,0,臺北市一般觀光旅館核發執照申請,觀傳局,非全程式,20240813T170500,20260316T115700,https://service.taipei/case-detail/AS008
觀光傳播類,觀傳局,觀傳局,AS009,0,臺北市旅館業停業申請,觀傳局,非全程式,20240813T170600,20260316T120000,https://service.taipei/case-detail/AS009
觀光傳播類,觀傳局,觀傳局,AS010,0,臺北市旅館業註銷登記申請,觀傳局,非全程式,20240813T170600,20260316T120100,https://service.taipei/case-detail/AS010
觀光傳播類,觀傳局,觀傳局,AS011,0,臺北市民宿設立登記,觀傳局,非全程式,20240813T170700,20260316T120000,https://service.taipei/case-detail/AS011
觀光傳播類,觀傳局,觀傳局,AS012,0,臺北市民宿登記證及民宿專用標識申請變更登記或補(換)發,觀傳局,非全程式,20240813T170800,20260316T134700,https://service.taipei/case-detail/AS012
觀光傳播類,觀傳局,觀傳局,AS013,0,臺北市民宿復業申請,觀傳局,非全程式,20240813T170900,20250730T171900,https://service.taipei/case-detail/AS013
觀光傳播類,觀傳局,觀傳局,AS014,0,臺北市民宿暫停經營申請,觀傳局,非全程式,20240813T170900,20250730T171900,https://service.taipei/case-detail/AS014
觀光傳播類,觀傳局,觀傳局,AS015,0,臺北市民宿註銷登記申請,觀傳局,非全程式,20240813T171000,20250730T171900,https://service.taipei/case-detail/AS015
觀光傳播類,觀傳局,觀傳局,AS016,0,臺北市溫泉標章標識牌毀損或使用事業名稱變更換發,觀傳局,非全程式,20240813T171100,20250730T142100,https://service.taipei/case-detail/AS016
觀光傳播類,觀傳局,觀傳局,AS017,0,臺北市溫泉標章標識牌遺失補發,觀傳局,非全程式,20240813T171100,20251110T155800,https://service.taipei/case-detail/AS017
觀光傳播類,觀傳局,觀傳局,AS018,0,臺北市溫泉標章標識牌有效期間屆滿換發,觀傳局,非全程式,20240813T171200,20250730T142200,https://service.taipei/case-detail/AS018
觀光傳播類,觀傳局,觀傳局,AS019,0,臺北市觀光活動補助,觀傳局,全程式,20240813T171300,20260323T142200,https://service.taipei/case-detail/AS019
觀光傳播類,觀傳局,觀傳局,AS020,0,臺北市觀光旅遊文宣品檔案授權申請,觀傳局,全程式,20240813T171400,20251126T102400,https://service.taipei/case-detail/AS020
觀光傳播類,觀傳局,觀傳局,AS021,0,臺北市旅館業復業申請,觀傳局,非全程式,20240813T171400,20250730T171900,https://service.taipei/case-detail/AS021
觀光傳播類,觀傳局,觀傳局,AS022,0,臺北市旅館業登記證及旅館業專用標識申請變更登記或補（換）發,觀傳局,非全程式,20240813T171500,20260316T135000,https://service.taipei/case-detail/AS022
觀光傳播類,觀傳局,觀傳局,AS023,0,臺北市旅館業設立登記,觀傳局,非全程式,20240813T171600,20260316T135100,https://service.taipei/case-detail/AS023
觀光傳播類,觀傳局,觀傳局,AS024,0,經行政執行停止供水供電之非法經營觀光旅館業、旅館業或民宿場所申請恢復供水供電申請案,觀傳局,,20240813T171700,20250729T141300,https://service.taipei/case-detail/AS024
觀光傳播類,觀傳局,觀傳局,AS025,0,臺北市旅館籌設諮詢服務申請案,觀傳局,非全程式,20240813T171800,20250730T171900,https://service.taipei/case-detail/AS025
觀光傳播類,觀傳局,觀傳局,AS026,0,住宅區（住三、住三之一、住三之二、住四、住四之一）設立一般旅館業辦理社區參與案件,觀傳局,非全程式,20240813T171800,20260316T135400,https://service.taipei/case-detail/AS026
觀光傳播類,觀傳局,觀傳局,AS027,0,臺北觀光旅遊數位資料使用申請,觀傳局,全程式,20240813T171900,20250722T191400,https://service.taipei/case-detail/AS027
觀光傳播類,觀傳局,觀傳局,AS028,0,臺北市旅遊服務中心文宣放置申請,觀傳局,全程式,20240813T171900,20260213T171800,https://service.taipei/case-detail/AS028
觀光傳播類,觀傳局,觀傳局,AS029,0,臺北市旅館業出租或轉讓,觀傳局,非全程式,20240813T172000,20250730T172000,https://service.taipei/case-detail/AS029
地政類,地政局,地政局,AT001,0,申請登記簿、地籍圖、建物測量成果圖、地價等謄本,地政局,全程式,20240815T104300,20251117T113700,https://service.taipei/case-detail/AT001
地政類,地政局,地政局,AT002,0,土地建物買賣移轉登記,地政局,非全程式,20240815T104500,20250820T133700,https://service.taipei/case-detail/AT002
地政類,地政局,地政局,AT003,0,土地建物一站式買賣移轉登記,地政局,非全程式,20240815T104600,20250820T133800,https://service.taipei/case-detail/AT003
地政類,地政局,地政局,AT005,0,土地建物繼承登記,地政局,非全程式,20240815T104900,20250820T134000,https://service.taipei/case-detail/AT005
地政類,地政局,地政局,AT006,0,土地建物遺贈登記,地政局,全程式,20240815T105000,20250820T134000,https://service.taipei/case-detail/AT006
地政類,地政局,地政局,AT007,0,共有物分割登記,地政局,非全程式,20240815T105100,20250820T134000,https://service.taipei/case-detail/AT007
地政類,地政局,地政局,AT008,0,交換登記,地政局,非全程式,20240815T105500,20250820T134100,https://service.taipei/case-detail/AT008
地政類,地政局,地政局,AT009,0,拍賣移轉登記,地政局,非全程式,20240815T105900,20250820T134100,https://service.taipei/case-detail/AT009
地政類,地政局,地政局,AT010,0,抵繳稅款登記,地政局,非全程式,20240815T110100,20250820T134600,https://service.taipei/case-detail/AT010
地政類,地政局,地政局,AT011,0,判決、和解、調解或調處不動產登記,地政局,非全程式,20240815T111000,20250820T134700,https://service.taipei/case-detail/AT011
地政類,地政局,地政局,AT012,0,預告登記,地政局,非全程式,20240815T111200,20250820T134700,https://service.taipei/case-detail/AT012
地政類,地政局,地政局,AT013,0,塗銷預告登記,地政局,非全程式,20240815T112100,20250820T134700,https://service.taipei/case-detail/AT013
地政類,地政局,地政局,AT014,0,夫妻聯合財產更名登記,地政局,非全程式,20240815T112900,20250820T134800,https://service.taipei/case-detail/AT014
地政類,地政局,地政局,AT016,0,法人更名登記,地政局,非全程式,20240815T113300,20250820T134800,https://service.taipei/case-detail/AT016
地政類,地政局,地政局,AT017,0,法人合併登記,地政局,非全程式,20240815T113500,20250820T134900,https://service.taipei/case-detail/AT017
地政類,地政局,地政局,AT018,0,法人分割登記,地政局,非全程式,20240815T114100,20250820T134900,https://service.taipei/case-detail/AT018
地政類,地政局,地政局,AT019,0,管理者變更登記,地政局,非全程式,20240815T114200,20250820T134900,https://service.taipei/case-detail/AT019
地政類,地政局,地政局,AT020,0,共有型態變更登記,地政局,非全程式,20240815T115400,20250820T134900,https://service.taipei/case-detail/AT020
地政類,地政局,地政局,AT021,0,住址、姓名變更登記,地政局,非全程式,20240815T115700,20250820T135000,https://service.taipei/case-detail/AT021
地政類,地政局,地政局,AT022,0,建物門牌變更登記,地政局,非全程式,20240815T135400,20250820T135000,https://service.taipei/case-detail/AT022
地政類,地政局,地政局,AT023,0,建物主要用途變更登記,地政局,非全程式,20240815T135400,20250820T135000,https://service.taipei/case-detail/AT023
地政類,地政局,地政局,AT024,0,書狀換給登記,地政局,非全程式,20240815T135900,20250820T135100,https://service.taipei/case-detail/AT024
地政類,地政局,地政局,AT025,0,書狀換給登記（未會同申請登記之權利人申請發給權利書狀）,地政局,非全程式,20240815T140000,20250820T135100,https://service.taipei/case-detail/AT025
地政類,地政局,地政局,AT026,0,書狀補給登記,地政局,非全程式,20240815T140100,20250820T135100,https://service.taipei/case-detail/AT026
地政類,地政局,地政局,AT027,0,持分分割登記,地政局,非全程式,20240815T140100,20250820T135200,https://service.taipei/case-detail/AT027
地政類,地政局,地政局,AT028,0,信託登記,地政局,非全程式,20240815T140300,20250820T135200,https://service.taipei/case-detail/AT028
地政類,地政局,地政局,AT029,0,塗銷信託登記,地政局,非全程式,20240815T140500,20250820T135300,https://service.taipei/case-detail/AT029
地政類,地政局,地政局,AT030,0,抵押權設定登記,地政局,非全程式,20240815T140600,20250820T135300,https://service.taipei/case-detail/AT030
地政類,地政局,地政局,AT031,0,地上權、不動產役權、典權、農育權設定登記,地政局,非全程式,20240815T140600,20250820T135300,https://service.taipei/case-detail/AT031
地政類,地政局,地政局,AT032,0,他項權利內容變更登記,地政局,非全程式,20240815T140800,20250820T135400,https://service.taipei/case-detail/AT032
地政類,地政局,地政局,AT033,0,抵押權、地上權、不動產役權、典權、農育權、永佃權移轉登記,地政局,非全程式,20240815T140900,20250820T135400,https://service.taipei/case-detail/AT033
地政類,地政局,地政局,AT034,0,他項權利塗銷登記,地政局,非全程式,20240815T140900,20250820T135400,https://service.taipei/case-detail/AT034
地政類,地政局,地政局,AT035,0,更正登記,地政局,非全程式,20240815T141000,20250820T135400,https://service.taipei/case-detail/AT035
地政類,地政局,地政局,AT036,0,時效取得所有權、地上權、不動產役權、農育權登記,地政局,非全程式,20240815T141100,20250728T103700,https://service.taipei/case-detail/AT036
地政類,地政局,地政局,AT037,0,建物所有權第一次登記,地政局,非全程式,20240815T141100,20250728T103800,https://service.taipei/case-detail/AT037
地政類,地政局,地政局,AT038,0,建物所有權第一次登記（建物標示圖經簽證者）,地政局,非全程式,20240815T141200,20250728T103800,https://service.taipei/case-detail/AT038
地政類,地政局,地政局,AT039,0,權利分割登記,地政局,非全程式,20240815T141300,20250728T103800,https://service.taipei/case-detail/AT039
地政類,地政局,地政局,AT040,0,依地籍清理條例第24條至第26條規定辦理之神明會更名登記,地政局,非全程式,20240815T141400,20251126T163200,https://service.taipei/case-detail/AT040
地政類,地政局,地政局,AT041,0,依地籍清理條例第28條規定辦理之38年12月31日以前登記之抵押權塗銷登記,地政局,非全程式,20240815T142500,20251126T163400,https://service.taipei/case-detail/AT041
地政類,地政局,地政局,AT042,0,依地籍清理條例第30條規定辦理之34年10月24日以前登記之限制登記塗銷登記,地政局,非全程式,20240815T143500,20251126T163600,https://service.taipei/case-detail/AT042
地政類,地政局,地政局,AT043,0,依地籍清理條例第29條規定辦理之45年12月31日以前登記之地上權塗銷登記,地政局,非全程式,20240815T143700,20251126T163700,https://service.taipei/case-detail/AT043
地政類,地政局,地政局,AT044,0,日據時期會社或組合名義更正登記,地政局,非全程式,20240815T143800,20250728T142800,https://service.taipei/case-detail/AT044
地政類,地政局,地政局,AT045,0,日據時期會社或組合名義繼承登記,地政局,非全程式,20240815T143900,20250728T104100,https://service.taipei/case-detail/AT045
地政類,地政局,地政局,AT046,0,共有物使用、管理、分割或禁止分割登記及其內容變更登記,地政局,非全程式,20240815T144000,20250728T104100,https://service.taipei/case-detail/AT046
地政類,地政局,地政局,AT047,0,使用、收益限制約定登記及其內容變更登記,地政局,非全程式,20240815T144000,20250728T104100,https://service.taipei/case-detail/AT047
地政類,地政局,地政局,AT048,0,土地建物酌給遺產登記,地政局,非全程式,20240815T144200,20250728T104200,https://service.taipei/case-detail/AT048
地政類,地政局,地政局,AT049,0,註記登記（訴訟繫屬）,地政局,非全程式,20240815T144200,20250728T104200,https://service.taipei/case-detail/AT049
地政類,地政局,地政局,AT050,0,塗銷註記登記（訴訟繫屬）,地政局,非全程式,20240815T144700,20250728T104200,https://service.taipei/case-detail/AT050
地政類,地政局,地政局,AT051,0,水道浮覆地所有權回復登記（第一次登記）,地政局,非全程式,20240815T144800,20250728T103700,https://service.taipei/case-detail/AT051
地政類,地政局,地政局,AT052,0,水道浮覆地所有權回復登記（所有權移轉登記）,地政局,非全程式,20240815T144800,20250728T110100,https://service.taipei/case-detail/AT052
地政類,地政局,地政局,AT053,0,土地合併及登記,地政局,非全程式,20240815T144900,20250730T103700,https://service.taipei/case-detail/AT053
地政類,地政局,地政局,AT054,0,建物合併及登記,地政局,非全程式,20240815T145000,20250730T103700,https://service.taipei/case-detail/AT054
地政類,地政局,地政局,AT055,0,土地分割及登記,地政局,非全程式,20240815T145100,20250730T103900,https://service.taipei/case-detail/AT055
地政類,地政局,地政局,AT056,0,建物分割及登記,地政局,非全程式,20240815T145100,20250730T104100,https://service.taipei/case-detail/AT056
地政類,地政局,地政局,AT057,0,建物第一次測量,地政局,非全程式,20240815T145200,20250730T104200,https://service.taipei/case-detail/AT057
地政類,地政局,地政局,AT058,0,土地鑑界,地政局,非全程式,20240815T145200,20260102T113200,https://service.taipei/case-detail/AT058
地政類,地政局,地政局,AT059,0,建物門牌號勘查,地政局,非全程式,20240815T145200,20260102T114900,https://service.taipei/case-detail/AT059
地政類,地政局,地政局,AT060,0,建物基地號勘查及登記,地政局,非全程式,20240815T145300,20260102T114900,https://service.taipei/case-detail/AT060
地政類,地政局,地政局,AT061,0,建物滅失勘查及登記,地政局,非全程式,20240815T145300,20260102T114500,https://service.taipei/case-detail/AT061
地政類,地政局,地政局,AT062,0,土地坍沒複丈及登記,地政局,非全程式,20240815T145300,20260102T115300,https://service.taipei/case-detail/AT062
地政類,地政局,地政局,AT063,0,地上權、不動產役權、典權、農育權位置圖勘測,地政局,非全程式,20240815T145400,20260102T115400,https://service.taipei/case-detail/AT063
地政類,地政局,地政局,AT064,0,時效取得所有權、地上權、不動產役權、農育權位置勘測,地政局,非全程式,20240815T145400,20260102T115500,https://service.taipei/case-detail/AT064
地政類,地政局,地政局,AT065,0,位置勘查,地政局,非全程式,20240815T145500,20260102T115700,https://service.taipei/case-detail/AT065
地政類,地政局,地政局,AT066,0,列印代理人送件明細表,地政局,非全程式,20240815T145500,20260126T072700,https://service.taipei/case-detail/AT066
地政類,地政局,地政局,AT067,0,申請設置（變更、註銷）土地登記印鑑,地政局,網路預約,20240815T145600,20250731T135300,https://service.taipei/case-detail/AT067
地政類,地政局,地政局,AT068,0,申請補發土地複丈成果圖,地政局,網路預約,20240815T145600,20260102T133400,https://service.taipei/case-detail/AT068
地政類,地政局,地政局,AT069,0,申請閱覽、抄寫、複印或攝影登記申請書及其附件,地政局,非全程式,20240815T145600,20251118T091700,https://service.taipei/case-detail/AT069
地政類,地政局,地政局,AT070,0,申請、變更或終止地籍異動即時通便民服務,地政局,全程式,20240815T145700,20250729T170400,https://service.taipei/case-detail/AT070
地政類,地政局,地政局,AT071,0,不動產所有權人申請提供其名下不動產之謄本核發紀錄,地政局,非全程式,20240815T145700,20250731T135500,https://service.taipei/case-detail/AT071
地政類,地政局,地政局,AT072,0,申請地籍總歸戶資料,地政局,非全程式,20240815T145800,20260223T094400,https://service.taipei/case-detail/AT072
地政類,地政局,地政局,AT073,0,申請英文不動產權利登記證明,地政局,非全程式,20240815T145800,20250731T135600,https://service.taipei/case-detail/AT073
地政類,地政局,地政局,AT074,0,申請隱匿或解除隱匿土地登記及地價資料第二類謄本部分住址,地政局,全程式,20240815T145900,20250731T135600,https://service.taipei/case-detail/AT074
地政類,地政局,地政局,AT075,0,地政規費退還申請（非線上信用卡繳納規費且申請現金退費者）,地政局,非全程式,20240815T150000,20250728T100600,https://service.taipei/case-detail/AT075
地政類,地政局,地政局,AT076,0,地政規費退還申請（非線上信用卡繳納規費且非申請現金退費者）,地政局,非全程式,20240815T150200,20250728T100500,https://service.taipei/case-detail/AT076
地政類,地政局,地政局,AT077,0,地政規費退還申請（線上信用卡繳納規費且申請現金退費者）,地政局,非全程式,20240815T150400,20250728T110100,https://service.taipei/case-detail/AT077
地政類,地政局,地政局,AT078,0,地政規費退還申請（線上信用卡繳納規費且非申請現金退費者）,地政局,非全程式,20240815T150500,20250728T102200,https://service.taipei/case-detail/AT078
地政類,地政局,地政局,AT079,0,不動產糾紛（共有物分割事件）調處,地政局,非全程式,20240815T150600,20260319T093700,https://service.taipei/case-detail/AT079
地政類,地政局,地政局,AT080,0,不動產糾紛（租賃爭議事件）調處,地政局,非全程式,20240815T151000,20260323T133700,https://service.taipei/case-detail/AT080
地政類,地政局,地政局,AT081,0,地籍測量專業資格證明書,地政局,非全程式,20240815T151200,20260319T102900,https://service.taipei/case-detail/AT081
地政類,地政局,地政局,AT082,0,申請地籍清理發給土地/建物價金、發還土地/建物,地政局,非全程式,20240815T151300,20250731T135700,https://service.taipei/case-detail/AT082
地政類,地政局,地政局,AT083,0,不動產估價師開業及變更登記申請,地政局,非全程式,20240815T151300,20251231T104500,https://service.taipei/case-detail/AT083
地政類,地政局,地政局,AT084,0,出租耕地災歉減免地租,地政局,非全程式,20240815T151400,20251124T160400,https://service.taipei/case-detail/AT084
地政類,地政局,地政局,AT085,0,耕地租佃爭議調解調處,地政局,非全程式,20240815T151500,20251208T100800,https://service.taipei/case-detail/AT085
地政類,地政局,地政局,AT086,0,出租耕地編為建築用地終止租約（達成協議）,地政局,非全程式,20240815T151500,20250724T163400,https://service.taipei/case-detail/AT086
地政類,地政局,地政局,AT087,0,出租耕地編為建築用地終止租約（未達成協議）,地政局,非全程式,20240815T151500,20250724T163500,https://service.taipei/case-detail/AT087
地政類,地政局,地政局,AT088,0,外國人得標購土地建物資格證明,地政局,非全程式,20240815T151900,20260113T103400,https://service.taipei/case-detail/AT088
地政類,地政局,地政局,AT089,0,大陸地區人民（法人、團體或其他機構）取得設定或移轉不動產許可,地政局,非全程式,20240815T152000,20251208T095300,https://service.taipei/case-detail/AT089
地政類,地政局,地政局,AT090,0,不動產經紀業經營許可,地政局,非全程式,20240815T152100,20260112T144800,https://service.taipei/case-detail/AT090
地政類,地政局,地政局,AT091,0,不動產經紀業備查,地政局,非全程式,20240815T152100,20260112T145000,https://service.taipei/case-detail/AT091
地政類,地政局,地政局,AT092,0,預售屋資訊及買賣定型化契約申報/變更備查,地政局,全程式,20240815T152200,20251114T141200,https://service.taipei/case-detail/AT092
地政類,地政局,地政局,AT093,0,申請預售屋及新建成屋買賣契約讓與或轉售,地政局,非全程式,20240815T152300,20250812T093900,https://service.taipei/case-detail/AT093
地政類,地政局,地政局,AT094,0,申請不動產經紀人證書,地政局,非全程式,20240815T152300,20260323T134300,https://service.taipei/case-detail/AT094
地政類,地政局,地政局,AT095,0,補發不動產經紀人證書,地政局,非全程式,20240815T152400,20260320T162700,https://service.taipei/case-detail/AT095
地政類,地政局,地政局,AT096,0,換發不動產經紀人證書,地政局,非全程式,20240815T152600,20260320T162700,https://service.taipei/case-detail/AT096
地政類,地政局,地政局,AT097,0,租賃住宅服務業經營許可,地政局,非全程式,20240815T152700,20260112T145200,https://service.taipei/case-detail/AT097
地政類,地政局,地政局,AT098,0,租賃住宅服務業登記,地政局,非全程式,20240815T152800,20260112T145200,https://service.taipei/case-detail/AT098
地政類,地政局,地政局,AT099,0,租賃住宅管理人員異動備查,地政局,非全程式,20240815T152900,20260112T145500,https://service.taipei/case-detail/AT099
地政類,地政局,地政局,AT100,0,申請領取徵收補償費保管款（一般案件，申請人為原土地所有權人〔限自然人或公司〕）,地政局,非全程式,20240815T153100,20251124T171000,https://service.taipei/case-detail/AT100
地政類,地政局,地政局,AT101,0,申請領取徵收補償費保管款（特殊案件）,地政局,非全程式,20240815T153100,20251208T093800,https://service.taipei/case-detail/AT101
地政類,地政局,地政局,AT102,0,地政士開業及變更登記,地政局,全程式,20240815T153200,20260126T073300,https://service.taipei/case-detail/AT102
地政類,地政局,地政局,AT103,0,地政士登記助理員備查,地政局,全程式,20240815T153200,20251229T165600,https://service.taipei/case-detail/AT103
地政類,地政局,地政局,AT104,0,簽證人登記,地政局,非全程式,20240815T153200,20250728T110600,https://service.taipei/case-detail/AT104
地政類,地政局,地政局,AT105,0,地政電子資料流通作業申請,地政局,全程式,20240815T153300,20250731T093200,https://service.taipei/case-detail/AT105
地政類,地政局,地政局,AT106,0,臺北市地政講堂場地使用申請,地政局,全程式,20240815T153300,20251117T170700,https://service.taipei/case-detail/AT106
地政類,地政局,地政局,AT107,0,土地建物贈與、配偶贈與登記,地政局,非全程式,20241223T093900,20250728T104200,https://service.taipei/case-detail/AT107
役政類,兵役局,兵役局,AU001,0,1、後備軍人緩召,兵役局,全程式,20240814T153800,20250731T151900,https://service.taipei/case-detail/AU001
役政類,兵役局,兵役局,AU002,0,2、役男延期返國,兵役局,全程式,20240814T153900,20250731T151900,https://service.taipei/case-detail/AU002
役政類,兵役局,兵役局,AU003,0,3、應徵役男延期徵集入營,兵役局,全程式,20240814T154000,20250801T101600,https://service.taipei/case-detail/AU003
役政類,兵役局,兵役局,AU005,0,5、役男申請複檢,兵役局,全程式,20240814T154100,20250801T102100,https://service.taipei/case-detail/AU005
役政類,兵役局,兵役局,AU006,0,6、常備役體位因家庭因素申請服補充兵,兵役局,全程式,20240814T154200,20250801T102600,https://service.taipei/case-detail/AU006
役政類,兵役局,兵役局,AU007,0,7、常備兵因家庭因素申請提前退伍,兵役局,全程式,20240814T154300,20250801T103800,https://service.taipei/case-detail/AU007
役政類,兵役局,兵役局,AU008,0,8、服兵役役男家屬及遺屬特別補助費,兵役局,全程式,20240814T154400,20251110T165000,https://service.taipei/case-detail/AU008
役政類,兵役局,兵役局,AU009,0,9、服兵役役男家屬生活扶助各項補（慰）助,兵役局,全程式,20240814T154500,20250805T102000,https://service.taipei/case-detail/AU009
役政類,兵役局,兵役局,AU010,0,10、服兵役役男家屬生活扶助,兵役局,全程式,20240814T154500,20250805T104000,https://service.taipei/case-detail/AU010
役政類,兵役局,兵役局,AU011,0,11、役男申請服宗教因素替代役,兵役局,全程式,20240814T154600,20250805T104700,https://service.taipei/case-detail/AU011
役政類,兵役局,兵役局,AU012,0,12、役男申請服家庭因素替代役,兵役局,全程式,20240814T154700,20251219T141300,https://service.taipei/case-detail/AU012
役政類,兵役局,兵役局,AU013,0,13、替代役役男申請提前退役,兵役局,全程式,20240814T154700,20250806T100500,https://service.taipei/case-detail/AU013
役政類,兵役局,兵役局,AU014,0,14、軍人公墓安厝,兵役局,全程式,20240814T154800,20250806T100900,https://service.taipei/case-detail/AU014
役政類,兵役局,兵役局,AU015,0,15、出境就學役男申請變更出境身分及事由,兵役局,全程式,20240814T154900,20250807T143400,https://service.taipei/case-detail/AU015
役政類,兵役局,兵役局,AU016,0,16、補助本市後備軍人民間團體辦理各項活動,兵役局,線上填表,20240814T154900,20250808T170400,https://service.taipei/case-detail/AU016
役政類,兵役局,兵役局,AU017,0,17、服義務役致身心障礙人員購置輔具費用補助,兵役局,全程式,20240814T155000,20250808T170800,https://service.taipei/case-detail/AU017
體育類,體育局,體育局,AV004,0,臺北市政府體育局場地租借,體育局,全程式,20240809T145200,20250729T165100,https://service.taipei/case-detail/AV004
體育類,體育局,體育局,AV005,0,體育活動經費補助,體育局,全程式,20240809T145400,20260202T140200,https://service.taipei/case-detail/AV005
體育類,體育局,體育局,AV006,0,臺北市績優運動選手與教練及學校或體育團體獎勵金申請,體育局,全程式,20240809T145600,20250829T075600,https://service.taipei/case-detail/AV006
體育類,體育局,體育局,AV007,0,臺北市基層競技運動選手訓練站申請,體育局,全程式,20240809T145700,20250729T165100,https://service.taipei/case-detail/AV007
體育類,體育局,體育局,AV008,0,臺北市績優運動選手訓練補助金申請,體育局,全程式,20240809T145800,20250729T165200,https://service.taipei/case-detail/AV008
體育類,體育局,體育局,AV009,0,臺北市路跑活動執行審核計畫-路跑活動申請,體育局,全程式,20240809T150100,20260211T113800,https://service.taipei/case-detail/AV009
體育類,體育局,體育局,AV010,0,臺北市運動訓練班申請,體育局,全程式,20240809T150200,20251202T074100,https://service.taipei/case-detail/AV010
體育類,體育局,體育局,AV011,0,臺北市兒童街道遊戲活動執行審核計畫-兒童街道遊戲活動申請,體育局,全程式,20240809T150400,20260303T140500,https://service.taipei/case-detail/AV011
體育類,體育局,體育局,AV012,0,U-Sport 臺北樂運動計畫活動申請,體育局,全程式,20240809T150500,20250729T165700,https://service.taipei/case-detail/AV012
資訊類,資訊局,資訊局,AW004,2,台北通會員升級暨異動申請,資訊局,全程式,20240809T144000,20260121T135300,https://service.taipei/case-detail/AW004
消保類,法務局,法務局,AX001,5,5、消保團體補助,法務局,線上填表,20240814T155400,20250730T140300,https://service.taipei/case-detail/AX001
消保類,法務局,法務局,AX002,4,4、優良消保團體獎助,法務局,全程式,20240814T155600,20250730T114100,https://service.taipei/case-detail/AX002
消保類,法務局,法務局,AX003,3,3、消費爭議調解,法務局,非全程式,20240814T155700,20250730T114000,https://service.taipei/case-detail/AX003
消保類,法務局,法務局,AX004,2,2、第二次消費爭議申訴,法務局,非全程式,20240814T155700,20251110T171600,https://service.taipei/case-detail/AX004
消保類,法務局,法務局,AX005,1,1、第一次消費爭議申訴,法務局,全程式,20240814T155800,20250730T092400,https://service.taipei/case-detail/AX005
綜合類,法務局,法務局,AX006,6,閱覽卷宗,法務局,非全程式,20240816T142500,20251110T174000,https://service.taipei/case-detail/AX006
政風類,政風處,政風處,BA001,0,財產申報資料查閱,政風處,線上填表,20240812T171400,20251111T095000,https://service.taipei/case-detail/BA001
公訓類,公訓處,公訓處,BB001,0,臺北市政府公務人員訓練處場地使用,公訓處,全程式,20240814T160000,20251127T174900,https://service.taipei/case-detail/BB001
原住民族事務類,原民會,原民會,BE001,0,臺北市延平河濱公園原住民族樂舞空間使用申請,原民會,全程式,20240812T113400,20260210T102200,https://service.taipei/case-detail/BE001
原住民族事務類,原民會,原民會,BE002,0,小型集會廣場場地使用申請,原民會,全程式,20240812T113700,20250722T152300,https://service.taipei/case-detail/BE002
原住民族事務類,原民會,原民會,BE003,0,北原會館場地使用申請,原民會,非全程式,20240812T114100,20250722T152300,https://service.taipei/case-detail/BE003
原住民族事務類,原民會,原民會,BE004,0,臺北市凱達格蘭文化館場地使用申請,原民會,非全程式,20240812T114600,20251124T172500,https://service.taipei/case-detail/BE004
原住民族事務類,原民會,原民會,BE005,0,臺北市原住民族服飾購製補助,原民會,全程式,20240812T114800,20260130T153400,https://service.taipei/case-detail/BE005
原住民族事務類,原民會,原民會,BE006,0,原住民身心障礙者機構式服務生活資材費用補助,原民會,非全程式,20240812T133900,20250726T162500,https://service.taipei/case-detail/BE006
原住民族事務類,原民會,原民會,BE007,0,原住民族委員會公益彩券回饋金補助,原民會,全程式,20240812T134500,20250726T163100,https://service.taipei/case-detail/BE007
原住民族事務類,原民會,原民會,BE008,0,臺北市公私立國民中小學原住民學生學校午餐補助,原民會,非全程式,20240812T134900,20260206T104400,https://service.taipei/case-detail/BE008
原住民族事務類,原民會,原民會,BE009,0,原住民貸款利息補貼第一階段-資格申請,原民會,非全程式,20240812T135200,20250915T092800,https://service.taipei/case-detail/BE009
原住民族事務類,原民會,原民會,BE010,0,法律訴訟費補助,原民會,非全程式,20240812T135700,20260116T182300,https://service.taipei/case-detail/BE010
原住民族事務類,原民會,原民會,BE011,0,E起築夢-原住民弱勢家庭資訊服務,原民會,非全程式,20240812T140900,20251013T112600,https://service.taipei/case-detail/BE011
原住民族事務類,原民會,原民會,BE012,0,原住民出租公寓申請,原民會,全程式,20240812T141100,20250805T175500,https://service.taipei/case-detail/BE012
原住民族事務類,原民會,原民會,BE013,0,臺北市暨外縣市原住民臨時住宿服務,原民會,全程式,20240812T142000,20250927T185700,https://service.taipei/case-detail/BE013
原住民族事務類,原民會,原民會,BE014,0,臺北市經濟弱勢原住民家庭建購或修繕住宅補助,原民會,全程式,20240812T142300,20260112T105900,https://service.taipei/case-detail/BE014
原住民族事務類,原民會,原民會,BE015,0,臺北市原住民醫療補助,原民會,非全程式,20240812T142800,20251125T104300,https://service.taipei/case-detail/BE015
原住民族事務類,原民會,原民會,BE016,0,補助原住民文化及社會教育活動,原民會,全程式,20240812T142900,20260323T140500,https://service.taipei/case-detail/BE016
原住民族事務類,原民會,原民會,BE017,0,原住民裝置假牙補助,原民會,非全程式,20240812T143100,20260129T163900,https://service.taipei/case-detail/BE017
原住民族事務類,原民會,原民會,BE018,0,都市原住民家庭租屋補貼,原民會,全程式,20240812T143200,20250912T165000,https://service.taipei/case-detail/BE018
原住民族事務類,原民會,原民會,BE019,0,臺北市原住民老人收容安置補助,原民會,全程式,20240812T143400,20250828T135400,https://service.taipei/case-detail/BE019
原住民族事務類,原民會,原民會,BE020,0,臺北市原住民單項體育活動推廣補助計畫,原民會,,20240812T143500,20260302T114300,https://service.taipei/case-detail/BE020
原住民族事務類,原民會,原民會,BE021,0,補助臺北市公、私立國中小、高中(職)學校推動原住民族文化社團活動計畫,原民會,非全程式,20240812T143600,20260109T122200,https://service.taipei/case-detail/BE021
原住民族事務類,原民會,原民會,BE022,0,原住民職業訓練生活津貼差額補助,原民會,非全程式,20240812T143700,20260128T145500,https://service.taipei/case-detail/BE022
原住民族事務類,原民會,原民會,BE023,0,原住民婦女補助及優先扶助,原民會,非全程式,20240812T143800,20250819T102200,https://service.taipei/case-detail/BE023
原住民族事務類,原民會,原民會,BE024,0,原住民意外傷亡慰問金,原民會,全程式,20240812T144100,20251128T143300,https://service.taipei/case-detail/BE024
原住民族事務類,原民會,原民會,BE025,0,輔助原住民族合作社及事業體發展補助,原民會,非全程式,20240812T144200,20260109T092400,https://service.taipei/case-detail/BE025
原住民族事務類,原民會,原民會,BE026,0,原住民職業訓練學費及材料費補助,原民會,非全程式,20240812T144600,20260121T132500,https://service.taipei/case-detail/BE026
原住民族事務類,原民會,原民會,BE027,0,原住民急難關懷慰問金,原民會,非全程式,20240812T145100,20260109T110100,https://service.taipei/case-detail/BE027
原住民族事務類,原民會,原民會,BE028,0,原住民兒童托育及協力照顧補助,原民會,非全程式,20240812T145300,20260302T145000,https://service.taipei/case-detail/BE028
原住民族事務類,原民會,原民會,BE029,0,臺北市政府原住民學生獎助學金,原民會,非全程式,20240812T145500,20260306T102700,https://service.taipei/case-detail/BE029
原住民族事務類,原民會,原民會,BE030,0,臺北市原住民學生生活津貼補助,原民會,非全程式,20240812T145700,20260210T112300,https://service.taipei/case-detail/BE030
原住民族事務類,原民會,原民會,BE031,0,臺北市原住民學生就學交通費補助,原民會,非全程式,20240812T145900,20260206T141800,https://service.taipei/case-detail/BE031
原住民族事務類,原民會,原民會,BE032,0,臺北市各級公私立國民中(小)學原住民學生代收代辦費補助,原民會,非全程式,20240812T150000,20260206T104500,https://service.taipei/case-detail/BE032
原住民族事務類,原民會,原民會,BE033,0,原住民機構、法人或團體證明書核發,原民會,非全程式,20240812T150100,20250801T155100,https://service.taipei/case-detail/BE033
原住民族事務類,原民會,原民會,BE034,0,原住民取得技術士證照獎勵申請,原民會,非全程式,20240812T150200,20260305T171600,https://service.taipei/case-detail/BE034
原住民族事務類,原民會,原民會,BE035,0,原住民貸款利息補貼第二階段-金額補助,原民會,非全程式,20240812T150400,20250916T164500,https://service.taipei/case-detail/BE035
原住民族事務類,原民會,原民會,BE036,0,臺北市原住民心理健康支持補助,原民會,非全程式,20240812T150500,20250924T173100,https://service.taipei/case-detail/BE036
原住民族事務類,原民會,原民會,BE037,0,補助原住民返鄉參加歲時祭儀、文化、體育活動交通費,原民會,全程式,20240812T150700,20260107T144400,https://service.taipei/case-detail/BE037
原住民族事務類,原民會,原民會,BE038,0,臺北市原住民族語言能力認證測驗獎勵,原民會,全程式,20240812T150900,20260313T115200,https://service.taipei/case-detail/BE038
原住民族事務類,原民會,原民會,BE039,0,臺北市原住民族語教師平板電腦購置補助計畫,原民會,全程式,20240812T151000,20250923T095100,https://service.taipei/case-detail/BE039
原住民族事務類,原民會,原民會,BE040,0,促進原住民族就業獎勵津貼,原民會,非全程式,20240812T151100,20251001T142300,https://service.taipei/case-detail/BE040
原住民族事務類,原民會,原民會,BE041,0,臺北市原住民族進用暨就業獎勵,原民會,非全程式,20240812T151200,20260109T110200,https://service.taipei/case-detail/BE041
客家事務類,客委會,客委會,BF001,0,補助優異客家藝文團體推廣客家文化計畫,客委會,非全程式,20240809T151600,20260202T111800,https://service.taipei/case-detail/BF001
客家事務類,客委會,客委會,BF002,0,補助臺北市客家歌謠班辦理客家歌謠及客語學習計畫,客委會,全程式,20240809T151900,20260226T100600,https://service.taipei/case-detail/BF002
客家事務類,客委會,客委會,BF003,0,補助臺北市幼兒園辦理客語教學實施計畫,客委會,全程式,20240809T152100,20260302T160700,https://service.taipei/case-detail/BF003
客家事務類,客委會,客委會,BF004,0,補助臺北市國中小學推行客家語傳承及文化推廣計畫,客委會,全程式,20240809T152200,20260225T142800,https://service.taipei/case-detail/BF004
客家事務類,客委會,客委會,BF005,0,補助臺北市市民或立案臺北市客家團體辦理客家文化語言相關研習計畫,客委會,全程式,20240809T152700,20260225T153200,https://service.taipei/case-detail/BF005
客家事務類,客委會,客委會,BF006,0,客家事務委員會所屬館室場地使用,客委會,非全程式,20240809T153200,20251231T163000,https://service.taipei/case-detail/BF006
客家事務類,客委會,客委會,BF007,0,補助設籍臺北市客家團體協同辦理義民祭典等系列計畫,客委會,全程式,20240809T153800,20251231T155600,https://service.taipei/case-detail/BF007
客家事務類,客委會,客委會,BF008,0,補助臺北市市民、社區發展協會、學術藝文團體及其他設籍臺北市客家團體辦理「客家學術、社區營造、政策推廣、音樂及劇本創作等」計畫,客委會,非全程式,20240809T155000,20260302T090400,https://service.taipei/case-detail/BF008
客家事務類,客委會,客委會,BF009,0,臺北市客家事務財團法人設立,客委會,非全程式,20240809T155700,20251231T161400,https://service.taipei/case-detail/BF009
自來水類,北水處,北水處,BG001,0,接水申請,北水處,全程式,20240814T170500,20260324T114700,https://service.taipei/case-detail/BG001
自來水類,北水處,北水處,BG002,0,過戶申請(自然人),北水處,全程式,20240814T170600,20251215T133300,https://service.taipei/case-detail/BG002
自來水類,北水處,北水處,BG003,0,過戶申請(組織用戶),北水處,全程式,20240814T170700,20260212T121700,https://service.taipei/case-detail/BG003
自來水類,北水處,北水處,BG004,0,中止用水,北水處,全程式,20240814T170800,20260324T114800,https://service.taipei/case-detail/BG004
自來水類,北水處,北水處,BG005,0,恢復用水,北水處,全程式,20240814T170900,20260324T114800,https://service.taipei/case-detail/BG005
自來水類,北水處,北水處,BG006,0,水費繳納明細,北水處,全程式,20240814T171000,20260324T114900,https://service.taipei/case-detail/BG006
自來水類,北水處,北水處,BG007,0,軍眷水費優待,北水處,全程式,20240814T171100,20260119T114100,https://service.taipei/case-detail/BG007
自來水類,北水處,北水處,BG008,0,變更總表分攤方式,北水處,全程式,20240814T171200,20251118T113400,https://service.taipei/case-detail/BG008
自來水類,北水處,北水處,BG009,0,水費電子帳單申請,北水處,全程式,20240814T171200,20250722T104500,https://service.taipei/case-detail/BG009
自來水類,北水處,北水處,BG010,0,網路線上繳費,北水處,全程式,20240814T171300,20251231T161100,https://service.taipei/case-detail/BG010
自來水類,北水處,北水處,BG011,0,水費結清,北水處,全程式,20240814T171400,20251117T173600,https://service.taipei/case-detail/BG011
自來水類,北水處,北水處,BG012,0,自來水管線圖套繪(不含用戶內線圖),北水處,全程式,20240814T171400,20260323T170700,https://service.taipei/case-detail/BG012
自來水類,北水處,北水處,BG013,0,用戶用水設備內線工程設計圖審查,北水處,全程式,20240814T171600,20260324T114900,https://service.taipei/case-detail/BG013
自來水類,北水處,北水處,BG014,0,自來水園區預約場地使用,北水處,全程式,20240814T172500,20260122T112200,https://service.taipei/case-detail/BG014
自來水類,北水處,北水處,BG015,0,自來水園區預約導覽,北水處,全程式,20240814T172500,20260122T111600,https://service.taipei/case-detail/BG015
自來水類,北水處,北水處,BG016,0,溫泉中止,北水處,全程式,20240814T172600,20260324T115100,https://service.taipei/case-detail/BG016
自來水類,北水處,北水處,BG017,0,溫泉復水,北水處,全程式,20240814T172600,20260324T115100,https://service.taipei/case-detail/BG017
自來水類,北水處,北水處,BG018,0,溫泉種別變更,北水處,全程式,20240814T172700,20260324T115200,https://service.taipei/case-detail/BG018
捷運公司,捷運公司,捷運公司,BH001,0,臺北市立兒童新樂園團體預約,捷運公司,全程式,20240812T151600,20250915T090700,https://service.taipei/case-detail/BH001
捷運公司,捷運公司,捷運公司,BH002,0,捷運之旅參訪活動,捷運公司,全程式,20240812T151700,20260223T084700,https://service.taipei/case-detail/BH002
捷運公司,捷運公司,捷運公司,BH003,0,視障朋友「定向行動能力訓練專用悠遊卡」,捷運公司,全程式,20240812T151800,20251118T140200,https://service.taipei/case-detail/BH003
捷運公司,捷運公司,捷運公司,BH004,0,捷運文宣品上刊,捷運公司,全程式,20240812T151900,20251205T163800,https://service.taipei/case-detail/BH004
捷運公司,捷運公司,捷運公司,BH005,0,捷運廣場出借,捷運公司,全程式,20240812T152300,20260317T134300,https://service.taipei/case-detail/BH005
捷運公司,捷運公司,捷運公司,BH006,0,捷運藝文廊出借,捷運公司,全程式,20240812T152500,20260316T093300,https://service.taipei/case-detail/BH006
捷運公司,捷運公司,捷運公司,BH007,0,臺北小巨蛋主場館場勘,捷運公司,全程式,20240812T153100,20250915T091300,https://service.taipei/case-detail/BH007
捷運公司,捷運公司,捷運公司,BH008,0,臺北小巨蛋主場館一般檔期場地租用,捷運公司,全程式,20240812T153300,20250915T091500,https://service.taipei/case-detail/BH008
捷運公司,捷運公司,捷運公司,BH009,0,臺北小巨蛋冰上樂園場地租用,捷運公司,全程式,20240812T153500,20250915T091600,https://service.taipei/case-detail/BH009
捷運公司,捷運公司,捷運公司,BH010,0,臺北小巨蛋廣告租用,捷運公司,全程式,20240812T153600,20250915T091700,https://service.taipei/case-detail/BH010
捷運公司,捷運公司,捷運公司,BH011,0,臺北小巨蛋廣場租用,捷運公司,全程式,20240812T153700,20250915T091800,https://service.taipei/case-detail/BH011
捷運公司,捷運公司,捷運公司,BH012,0,臺北小巨蛋主場館活動使用空間租用,捷運公司,全程式,20240812T153800,20250915T091900,https://service.taipei/case-detail/BH012
捷運公司,捷運公司,捷運公司,BH013,0,捷運地下人行廣場出借,捷運公司,全程式,20240812T153900,20260316T144200,https://service.taipei/case-detail/BH013
捷運公司,捷運公司,捷運公司,BH014,0,臺北市立兒童新樂園樹蛙表演場使用,捷運公司,全程式,20240812T154100,20250915T092000,https://service.taipei/case-detail/BH014
捷運公司,捷運公司,捷運公司,BH015,0,臺北市立兒童新樂園廣場租用,捷運公司,全程式,20240812T154300,20250915T092000,https://service.taipei/case-detail/BH015
捷運公司,捷運公司,捷運公司,BH016,0,臺北市立兒童新樂園包場租用,捷運公司,全程式,20240812T154700,20250915T092100,https://service.taipei/case-detail/BH016
捷運公司,捷運公司,捷運公司,BH017,0,北投會館場地租借,捷運公司,全程式,20240812T154800,20260128T152300,https://service.taipei/case-detail/BH017
捷運公司,捷運公司,捷運公司,BH018,0,貓空纜車預約搭乘,捷運公司,全程式,20240812T155000,20250915T092100,https://service.taipei/case-detail/BH018
捷運公司,捷運公司,捷運公司,BH019,0,貓空纜車團體預約搭乘,捷運公司,全程式,20240812T155100,20250915T092200,https://service.taipei/case-detail/BH019
捷運公司,捷運公司,捷運公司,BH020,0,捷運公益廣告燈箱申請,捷運公司,全程式,20240812T155200,20260317T182100,https://service.taipei/case-detail/BH020
捷運公司,捷運公司,捷運公司,BH021,0,捷運車站設置免費接駁車站牌,捷運公司,全程式,20240812T155300,20251114T155700,https://service.taipei/case-detail/BH021
捷運公司,捷運公司,捷運公司,BH022,0,捷運系統拍攝,捷運公司,全程式,20240812T155400,20260320T135600,https://service.taipei/case-detail/BH022
捷運公司,捷運公司,捷運公司,BH023,0,捷運逃生體驗營參訪,捷運公司,全程式,20240812T155500,20251114T162300,https://service.taipei/case-detail/BH023
捷運公司,捷運公司,捷運公司,BH024,0,臺北小巨蛋拍攝,捷運公司,全程式,20240812T155700,20260313T150700,https://service.taipei/case-detail/BH024
捷運公司,捷運公司,捷運公司,BH025,0,貓空纜車拍攝,捷運公司,全程式,20240812T155700,20260320T135500,https://service.taipei/case-detail/BH025
捷運公司,捷運公司,捷運公司,BH026,0,臺北市立兒童新樂園拍攝,捷運公司,全程式,20240812T155800,20260320T135500,https://service.taipei/case-detail/BH026
捷運公司,捷運公司,捷運公司,BH027,0,北投會館會員證申請,捷運公司,全程式,20240812T155900,20260114T101600,https://service.taipei/case-detail/BH027
捷運公司,捷運公司,捷運公司,BH028,0,音樂進站－捷運音樂演出計畫申請,捷運公司,全程式,20240812T160100,20260130T152900,https://service.taipei/case-detail/BH028
捷運公司,捷運公司,捷運公司,BH029,0,北投會館籃羽球場長期租用,捷運公司,全程式,20240812T160200,20260302T090200,https://service.taipei/case-detail/BH029
場地租借,文化局,藝文處,BN001,0,67、臺北市藝文推廣處展覽場地使用,藝文處,非全程式,20240812T102300,20250919T193500,https://service.taipei/case-detail/BN001
場地租借,文化局,藝文處,BN002,0,69、臺北市藝文推廣處城市舞台使用,藝文處,非全程式,20240812T102700,20260324T163400,https://service.taipei/case-detail/BN002
場地租借,文化局,藝文處,BN003,0,70、臺北市藝文推廣處親子劇場使用,藝文處,非全程式,20240812T102900,20250919T193500,https://service.taipei/case-detail/BN003
場地租借,文化局,藝文處,BN004,0,66、臺北市藝文推廣處文山劇場預演彩排廳使用,藝文處,非全程式,20240812T103000,20260211T175500,https://service.taipei/case-detail/BN004
場地租借,文化局,藝文處,BN005,0,71、臺北市藝文推廣處文山劇場使用,藝文處,非全程式,20240812T103200,20250919T193100,https://service.taipei/case-detail/BN005
文化類,文化局,藝文處,BN006,0,75、臺北市藝文推廣處大稻埕戲苑劇場使用,藝文處,非全程式,20240812T111300,20250919T193200,https://service.taipei/case-detail/BN006
場地租借,文化局,藝文處,BN007,0,74、臺北市藝文推廣處大稻埕戲苑場地使用,藝文處,非全程式,20240812T112500,20250919T193300,https://service.taipei/case-detail/BN007
場地租借,文化局,藝文處,BN008,0,80、臺北市藝文推廣處城市舞台排練室,藝文處,非全程式,20240812T112700,20260211T175500,https://service.taipei/case-detail/BN008
產業發展類,產業局,商業處,BO001,0,臺北市商業數位轉型服務方案補助-店家補助申請,商業處,全程式,20240815T173000,20251223T161000,https://service.taipei/case-detail/BO001
產業發展類,產業局,商業處,BO002,0,臺北市商圈競爭型活動補助,商業處,全程式,20240815T173000,20260313T172900,https://service.taipei/case-detail/BO002
產業發展類,產業局,商業處,BO003,0,營業場所預先查詢,商業處,全程式,20240815T173800,20260302T163900,https://service.taipei/case-detail/BO003
產業發展類,產業局,商業處,BO004,0,商業名稱及所營業務登記預查,商業處,全程式,20240815T173900,20251027T103900,https://service.taipei/case-detail/BO004
產業發展類,產業局,商業處,BO005,0,商業登記查閱、複製、證明,商業處,全程式,20240815T174000,20260303T115800,https://service.taipei/case-detail/BO005
產業發展類,產業局,商業處,BO006,0,營業合併登記,商業處,全程式,20240816T091300,20251027T105500,https://service.taipei/case-detail/BO006
產業發展類,產業局,商業處,BO007,0,獨資組織商業設立登記,商業處,全程式,20240816T091500,20260302T162300,https://service.taipei/case-detail/BO007
產業發展類,產業局,商業處,BO008,0,獨資組織商業所在地變更登記,商業處,全程式,20240816T091600,20260302T162400,https://service.taipei/case-detail/BO008
產業發展類,產業局,商業處,BO009,0,獨資組織商業所營業務變更登記,商業處,全程式,20240816T091700,20260302T162600,https://service.taipei/case-detail/BO009
產業發展類,產業局,商業處,BO010,0,獨資組織商業負責人變更登記,商業處,全程式,20240816T091700,20251027T152700,https://service.taipei/case-detail/BO010
產業發展類,產業局,商業處,BO011,0,獨資組織商業名稱變更登記,商業處,全程式,20240816T091800,20251027T152600,https://service.taipei/case-detail/BO011
產業發展類,產業局,商業處,BO012,0,獨資組織商業資本額變更登記,商業處,全程式,20240816T091900,20251027T152100,https://service.taipei/case-detail/BO012
產業發展類,產業局,商業處,BO013,0,獨資組織商業組織變更登記,商業處,全程式,20240816T092000,20251027T161500,https://service.taipei/case-detail/BO013
產業發展類,產業局,商業處,BO014,0,獨資組織商業經理人登記,商業處,全程式,20240816T092100,20251027T161500,https://service.taipei/case-detail/BO014
產業發展類,產業局,商業處,BO015,0,獨資組織商業暫停營業登記,商業處,全程式,20240816T092200,20251027T161600,https://service.taipei/case-detail/BO015
產業發展類,產業局,商業處,BO016,0,獨資組織商業定期復業登記,商業處,全程式,20240816T092200,20251027T161600,https://service.taipei/case-detail/BO016
產業發展類,產業局,商業處,BO017,0,獨資組織商業歇業登記,商業處,全程式,20240816T092300,20251027T161900,https://service.taipei/case-detail/BO017
產業發展類,產業局,商業處,BO018,0,獨資組織商業所在地門牌整編登記,商業處,全程式,20240816T092400,20251223T170200,https://service.taipei/case-detail/BO018
產業發展類,產業局,商業處,BO019,0,獨資組織商業分支機構設立登記,商業處,全程式,20240816T092400,20260302T162700,https://service.taipei/case-detail/BO019
產業發展類,產業局,商業處,BO020,0,獨資組織商業分支機構所在地變更登記,商業處,全程式,20240816T092500,20260302T162800,https://service.taipei/case-detail/BO020
產業發展類,產業局,商業處,BO021,0,獨資組織商業分支機構名稱變更登記,商業處,全程式,20240816T092600,20251027T161700,https://service.taipei/case-detail/BO021
產業發展類,產業局,商業處,BO022,0,獨資組織商業分支機構經理人變更登記,商業處,全程式,20240816T092600,20251027T161600,https://service.taipei/case-detail/BO022
產業發展類,產業局,商業處,BO023,0,獨資組織商業分支機構廢止登記,商業處,全程式,20240816T092700,20251027T161100,https://service.taipei/case-detail/BO023
產業發展類,產業局,商業處,BO024,0,合夥組織商業分支機構所在地門牌整編登記,商業處,全程式,20240816T092700,20251027T161100,https://service.taipei/case-detail/BO024
產業發展類,產業局,商業處,BO025,0,獨資組織商業分支機構所在地門牌整編登記,商業處,全程式,20240816T092900,20251223T172000,https://service.taipei/case-detail/BO025
產業發展類,產業局,商業處,BO026,0,合夥組織商業設立登記,商業處,全程式,20240816T095100,20260304T153300,https://service.taipei/case-detail/BO026
產業發展類,產業局,商業處,BO027,0,合夥組織商業所在地變更登記,商業處,全程式,20240816T100600,20260304T153500,https://service.taipei/case-detail/BO027
產業發展類,產業局,商業處,BO028,0,合夥組織商業所營業務變更登記,商業處,全程式,20240816T100600,20260304T153700,https://service.taipei/case-detail/BO028
產業發展類,產業局,商業處,BO029,0,合夥組織商業負責人變更登記,商業處,全程式,20240816T100700,20260304T155100,https://service.taipei/case-detail/BO029
產業發展類,產業局,商業處,BO030,0,合夥組織商業合夥人變更登記,商業處,全程式,20240816T100800,20251027T163400,https://service.taipei/case-detail/BO030
產業發展類,產業局,商業處,BO031,0,合夥組織商業名稱變更登記,商業處,全程式,20240816T102600,20251027T163300,https://service.taipei/case-detail/BO031
產業發展類,產業局,商業處,BO032,0,合夥組織商業資本額變更登記,商業處,全程式,20240816T103100,20251027T163300,https://service.taipei/case-detail/BO032
產業發展類,產業局,商業處,BO033,0,合夥組織商業經理人登記,商業處,全程式,20240816T105400,20260304T160600,https://service.taipei/case-detail/BO033
產業發展類,產業局,商業處,BO034,0,合夥組織商業暫停營業登記,商業處,全程式,20240816T105500,20260304T160800,https://service.taipei/case-detail/BO034
產業發展類,產業局,商業處,BO035,0,合夥組織商業定期復業登記,商業處,全程式,20240816T110000,20260304T160900,https://service.taipei/case-detail/BO035
產業發展類,產業局,商業處,BO036,0,合夥組織商業歇業登記,商業處,全程式,20240816T110100,20260304T161000,https://service.taipei/case-detail/BO036
產業發展類,產業局,商業處,BO037,0,合夥組織商業所在地門牌整編登記,商業處,全程式,20240816T110200,20251027T164200,https://service.taipei/case-detail/BO037
產業發展類,產業局,商業處,BO038,0,合夥組織商業分支機構設立登記,商業處,全程式,20240816T110400,20260304T161200,https://service.taipei/case-detail/BO038
產業發展類,產業局,商業處,BO039,0,合夥組織商業分支機構所在地變更登記,商業處,全程式,20240816T110500,20260304T161300,https://service.taipei/case-detail/BO039
產業發展類,產業局,商業處,BO040,0,合夥組織商業分支機構名稱變更登記,商業處,全程式,20240816T110600,20260304T161400,https://service.taipei/case-detail/BO040
產業發展類,產業局,商業處,BO041,0,合夥組織商業分支機構經理人變更登記,商業處,全程式,20240816T110600,20260304T161500,https://service.taipei/case-detail/BO041
產業發展類,產業局,商業處,BO042,0,合夥組織商業分支機構廢止登記,商業處,全程式,20240816T110700,20260304T161600,https://service.taipei/case-detail/BO042
產業發展類,產業局,商業處,BO043,0,公司影印、抄錄、證明書及查閱,商業處,全程式,20240816T110800,20251223T182900,https://service.taipei/case-detail/BO043
產業發展類,產業局,商業處,BO044,0,有限公司設立登記,商業處,全程式,20240816T110900,20260309T165200,https://service.taipei/case-detail/BO044
產業發展類,產業局,商業處,BO045,0,有限公司修正章程變更登記,商業處,全程式,20240816T112100,20260309T165800,https://service.taipei/case-detail/BO045
產業發展類,產業局,商業處,BO046,0,有限公司所營事業變更登記,商業處,全程式,20240816T112300,20260302T163300,https://service.taipei/case-detail/BO046
產業發展類,產業局,商業處,BO047,0,有限公司股東出資轉讓、改推董事變更登記,商業處,全程式,20240816T112400,20260310T091500,https://service.taipei/case-detail/BO047
產業發展類,產業局,商業處,BO048,0,有限公司所在地變更登記,商業處,全程式,20240816T112500,20260310T092800,https://service.taipei/case-detail/BO048
產業發展類,產業局,商業處,BO049,0,有限公司經理人委任登記,商業處,全程式,20240816T112500,20260310T092900,https://service.taipei/case-detail/BO049
產業發展類,產業局,商業處,BO050,0,有限公司經理人解任登記,商業處,全程式,20240816T112600,20260310T093000,https://service.taipei/case-detail/BO050
產業發展類,產業局,商業處,BO051,0,有限公司經理人姓名、地址變更登記,商業處,全程式,20240816T113000,20260310T102500,https://service.taipei/case-detail/BO051
產業發展類,產業局,商業處,BO052,0,有限公司增資變更登記,商業處,全程式,20240816T114500,20260310T102700,https://service.taipei/case-detail/BO052
產業發展類,產業局,商業處,BO053,0,有限公司減資變更登記,商業處,全程式,20240816T114700,20260310T102800,https://service.taipei/case-detail/BO053
產業發展類,產業局,商業處,BO054,0,有限公司分公司設立登記,商業處,全程式,20240816T115200,20260310T103400,https://service.taipei/case-detail/BO054
產業發展類,產業局,商業處,BO055,0,有限公司分公司經理人變更登記,商業處,全程式,20240816T115300,20260310T103500,https://service.taipei/case-detail/BO055
產業發展類,產業局,商業處,BO056,0,有限公司分公司經理人姓名、地址變更登記,商業處,全程式,20240816T115400,20260310T104600,https://service.taipei/case-detail/BO056
產業發展類,產業局,商業處,BO057,0,有限公司分公司名稱變更登記,商業處,全程式,20240816T115500,20260310T104900,https://service.taipei/case-detail/BO057
產業發展類,產業局,商業處,BO058,0,有限公司分公司所在地變更登記,商業處,全程式,20240816T115600,20260310T105000,https://service.taipei/case-detail/BO058
產業發展類,產業局,商業處,BO059,0,有限公司分公司廢止登記,商業處,全程式,20240816T115600,20260310T105000,https://service.taipei/case-detail/BO059
產業發展類,產業局,商業處,BO060,0,有限公司名稱變更登記,商業處,全程式,20240816T120400,20260310T105100,https://service.taipei/case-detail/BO060
產業發展類,產業局,商業處,BO061,0,有限公司延展開業登記,商業處,全程式,20240816T134900,20260310T105200,https://service.taipei/case-detail/BO061
產業發展類,產業局,商業處,BO062,0,有限公司停業、復業登記,商業處,全程式,20240816T134900,20260310T170100,https://service.taipei/case-detail/BO062
產業發展類,產業局,商業處,BO063,0,有限公司解散登記,商業處,全程式,20240816T135000,20260311T140100,https://service.taipei/case-detail/BO063
產業發展類,產業局,商業處,BO064,0,有限公司變更組織為股份有限公司變更登記,商業處,全程式,20240816T135100,20260311T140200,https://service.taipei/case-detail/BO064
產業發展類,產業局,商業處,BO065,0,有限公司合併新設登記,商業處,全程式,20240816T135200,20260302T163500,https://service.taipei/case-detail/BO065
產業發展類,產業局,商業處,BO066,0,有限公司合併存續變更登記,商業處,全程式,20240816T135300,20260311T140700,https://service.taipei/case-detail/BO066
產業發展類,產業局,商業處,BO067,0,有限公司合併解散登記,商業處,全程式,20240816T135400,20260311T140700,https://service.taipei/case-detail/BO067
產業發展類,產業局,商業處,BO068,0,有限公司所在地門牌整編,商業處,全程式,20240816T135400,20260311T142600,https://service.taipei/case-detail/BO068
產業發展類,產業局,商業處,BO069,0,股份有限公司設立登記,商業處,全程式,20240816T135500,20260311T143500,https://service.taipei/case-detail/BO069
產業發展類,產業局,商業處,BO070,0,股份有限公司名稱變更登記,商業處,全程式,20240816T135600,20260311T143500,https://service.taipei/case-detail/BO070
產業發展類,產業局,商業處,BO071,0,股份有限公司修正章程變更登記,商業處,全程式,20240816T135700,20260311T143600,https://service.taipei/case-detail/BO071
產業發展類,產業局,商業處,BO072,0,股份有限公司所營事業變更登記,商業處,全程式,20240816T135800,20260311T144500,https://service.taipei/case-detail/BO072
產業發展類,產業局,商業處,BO073,0,股份有限公司改選董事、監察人變更登記,商業處,全程式,20240816T135900,20260311T144600,https://service.taipei/case-detail/BO073
產業發展類,產業局,商業處,BO074,0,股份有限公司補選董事、監察人變更登記,商業處,全程式,20240816T140500,20260311T144700,https://service.taipei/case-detail/BO074
產業發展類,產業局,商業處,BO075,0,股份有限公司董事、監察人解任變更登記,商業處,全程式,20240816T140800,20260311T145200,https://service.taipei/case-detail/BO075
產業發展類,產業局,商業處,BO076,0,股份有限公司政府或法人股東改派代表人為董事、監察人變更登記,商業處,全程式,20240816T140900,20260311T145500,https://service.taipei/case-detail/BO076
產業發展類,產業局,商業處,BO077,0,股份有限公司董監事、臨時管理人、重整人、重整監督人姓名、地址變更登記,商業處,全程式,20240816T141000,20260311T145800,https://service.taipei/case-detail/BO077
產業發展類,產業局,商業處,BO078,0,股份有限公司改選董事長、副董事長、常務董事變更登記,商業處,全程式,20240816T141000,20260311T145800,https://service.taipei/case-detail/BO078
產業發展類,產業局,商業處,BO079,0,股份有限公司董事、監察人持股變動報備,商業處,全程式,20240816T141200,20260311T145900,https://service.taipei/case-detail/BO079
產業發展類,產業局,商業處,BO080,0,股份有限公司所在地變更登記,商業處,全程式,20240816T141200,20260311T150000,https://service.taipei/case-detail/BO080
產業發展類,產業局,商業處,BO081,0,股份有限公司經理人委任登記,商業處,全程式,20240816T141300,20260311T150100,https://service.taipei/case-detail/BO081
產業發展類,產業局,商業處,BO082,0,股份有限公司經理人解任登記,商業處,全程式,20240816T141500,20260311T150200,https://service.taipei/case-detail/BO082
產業發展類,產業局,商業處,BO083,0,股份有限公司經理人姓名、地址變更登記,商業處,全程式,20240816T141500,20260311T151200,https://service.taipei/case-detail/BO083
產業發展類,產業局,商業處,BO084,0,股份有限公司增資、發行新股變更登記,商業處,全程式,20240816T141600,20260311T151300,https://service.taipei/case-detail/BO084
產業發展類,產業局,商業處,BO085,0,股份有限公司減資變更登記,商業處,全程式,20240816T141700,20260311T151900,https://service.taipei/case-detail/BO085
產業發展類,產業局,商業處,BO086,0,股份有限公司分公司設立登記,商業處,全程式,20240816T141800,20260311T151800,https://service.taipei/case-detail/BO086
產業發展類,產業局,商業處,BO087,0,股份有限公司分公司經理人變更登記,商業處,全程式,20240816T141900,20260311T152000,https://service.taipei/case-detail/BO087
產業發展類,產業局,商業處,BO088,0,股份有限公司分公司經理人姓名、地址變更登記,商業處,全程式,20240816T141900,20260311T151700,https://service.taipei/case-detail/BO088
產業發展類,產業局,商業處,BO089,0,股份有限公司分公司名稱變更登記,商業處,全程式,20240816T142000,20260311T151600,https://service.taipei/case-detail/BO089
產業發展類,產業局,商業處,BO090,0,股份有限公司分公司所在地變更登記,商業處,全程式,20240816T142000,20260311T151600,https://service.taipei/case-detail/BO090
產業發展類,產業局,商業處,BO091,0,股份有限公司分公司廢止登記,商業處,全程式,20240816T142100,20260311T151400,https://service.taipei/case-detail/BO091
產業發展類,產業局,商業處,BO092,0,股份有限公司延展開業登記,商業處,全程式,20240816T142100,20260311T151400,https://service.taipei/case-detail/BO092
產業發展類,產業局,商業處,BO094,0,股份有限公司停業、復業登記,商業處,全程式,20240816T142300,20260311T152100,https://service.taipei/case-detail/BO094
產業發展類,產業局,商業處,BO095,0,股份有限公司解散登記,商業處,全程式,20240816T142400,20260311T152200,https://service.taipei/case-detail/BO095
產業發展類,產業局,商業處,BO096,0,股份有限公司合併新設登記,商業處,全程式,20240816T142500,20260311T152200,https://service.taipei/case-detail/BO096
產業發展類,產業局,商業處,BO097,0,股份有限公司合併存續變更登記,商業處,全程式,20240816T142500,20260311T152300,https://service.taipei/case-detail/BO097
產業發展類,產業局,商業處,BO099,0,股份有限公司合併解散登記,商業處,全程式,20240816T142600,20260311T152400,https://service.taipei/case-detail/BO099
產業發展類,產業局,商業處,BO100,0,股份有限公司所在地門牌整編,商業處,全程式,20240816T142700,20260311T152400,https://service.taipei/case-detail/BO100
產業發展類,產業局,商業處,BO101,0,電子遊戲場業營業級別證,商業處,非全程式,20240816T143100,20250730T143800,https://service.taipei/case-detail/BO101
產業發展類,產業局,商業處,BO102,0,臺北市舞廳舞場酒家酒吧特種咖啡茶室視聽歌唱三溫暖夜店等行業營業場所許可,商業處,非全程式,20240816T143100,20250725T101400,https://service.taipei/case-detail/BO102
產業發展類,產業局,商業處,BO104,0,臺北市資訊休閒業營業場所停業申報,商業處,非全程式,20240816T143200,20250725T101400,https://service.taipei/case-detail/BO104
產業發展類,產業局,商業處,BO105,0,臺北市資訊休閒業營業場所設置登記,商業處,非全程式,20240816T143300,20250725T101500,https://service.taipei/case-detail/BO105
產業發展類,產業局,商業處,BO106,0,臺北市促進產業活動及獎勵表揚補助,商業處,全程式,20240816T143700,20260313T173100,https://service.taipei/case-detail/BO106
產業發展類,產業局,商業處,BO107,0,臺北市提振商圈發展補助,商業處,全程式,20240816T143800,20260225T091800,https://service.taipei/case-detail/BO107
文化類,文化局,文獻館,BP001,0,76、臺北市立文獻館受理學校或機關團體申請動線史蹟導覽,文獻館,全程式,20240812T094200,20251209T142300,https://service.taipei/case-detail/BP001
文化類,文化局,文獻館,BP002,0,77、臺北市立文獻館藏品圖檔使用,文獻館,全程式,20240812T094500,20260317T122600,https://service.taipei/case-detail/BP002
場地租借,文化局,文獻館,BP003,0,78、臺北市立文獻館受理樹心會館多功能區場地使用,文獻館,非全程式,20240812T094800,20251113T135700,https://service.taipei/case-detail/BP003
文化類,文化局,北美館,BQ001,0,49、臺北市立美術館受理年度申請展覽 ,北美館,全程式,20241017T172100,20250922T133400,https://service.taipei/case-detail/BQ001
文化類,文化局,北美館,BQ004,0,54、臺北市立美術館圖書翻拍,北美館,線上填表,20241017T172600,20251124T141600,https://service.taipei/case-detail/BQ004
文化類,文化局,北美館,BQ006,0,51、臺北市立美術館受理團體教學參觀免票申請(特展除外),北美館,網路預約,20250306T103700,20250922T133600,https://service.taipei/case-detail/BQ006
文化類,文化局,北美館,BQ007,0,53、臺北市立美術館受理學校或機關團體導覽預約,北美館,全程式,20250306T111500,20250922T133700,https://service.taipei/case-detail/BQ007
文化類,文化局,北美館,BQ008,0,55、臺北市立美術館場地使用申請,北美館,非全程式,20250620T104300,20250918T152200,https://service.taipei/case-detail/BQ008
產業發展類,產業局,市場處,BR001,0,申請臺北市公有零售市(商)場攤(鋪)位,市場處,全程式,20240815T152600,20251222T102400,https://service.taipei/case-detail/BR001
產業發展類,產業局,市場處,BR002,0,申請臺北市公有零售市(商)場攤(鋪)位名義變更,市場處,線上填表,20240815T152700,20251222T103600,https://service.taipei/case-detail/BR002
產業發展類,產業局,市場處,BR003,0,申請臺北市公有零售市場攤位承租證明書,市場處,全程式,20240815T152700,20251222T103700,https://service.taipei/case-detail/BR003
產業發展類,產業局,市場處,BR004,0,申請臺北市公有零售市(商)場攤(鋪)位業種變更,市場處,線上填表,20240815T152800,20251222T103700,https://service.taipei/case-detail/BR004
產業發展類,產業局,市場處,BR005,0,申請臺北市核發農產品販運商許可證,市場處,非全程式,20240815T152900,20260318T135400,https://service.taipei/case-detail/BR005
產業發展類,產業局,市場處,BR006,0,申請臺北市攤販營業許可證變更營業時間,市場處,非全程式,20240815T153000,20260313T085300,https://service.taipei/case-detail/BR006
產業發展類,產業局,市場處,BR007,0,申請臺北市攤販營業許可證變更營業地點,市場處,非全程式,20240815T153100,20260313T085700,https://service.taipei/case-detail/BR007
產業發展類,產業局,市場處,BR008,0,申請臺北市攤販營業許可證變更名義,市場處,非全程式,20240815T153200,20260313T085900,https://service.taipei/case-detail/BR008
產業發展類,產業局,市場處,BR009,0,申請臺北市攤販營業許可證變更營業種類,市場處,全程式,20240815T153300,20260313T090200,https://service.taipei/case-detail/BR009
產業發展類,產業局,市場處,BR010,0,申請臺北市建國假日藝文特區展售許可,市場處,線上填表,20240815T153300,20251222T104100,https://service.taipei/case-detail/BR010
產業發展類,產業局,市場處,BR012,0,申請臺北市建國假日藝文特區展售許可變更名義,市場處,線上填表,20240815T154000,20251222T104100,https://service.taipei/case-detail/BR012
產業發展類,產業局,市場處,BR013,0,申請臺北市台北、站前及龍山寺地下街廣場使用,市場處,非全程式,20240815T154400,20260313T090500,https://service.taipei/case-detail/BR013
產業發展類,產業局,市場處,BR014,0,申請臺北市光華數位新天地戶外廣場場地使用,市場處,線上填表,20240815T154400,20260313T090800,https://service.taipei/case-detail/BR014
產業發展類,產業局,市場處,BR015,0,光華數位新天地節慶或促銷活動期間廠商申請利用公共空間裝置設置物,市場處,線上填表,20240815T154500,20260313T091100,https://service.taipei/case-detail/BR015
產業發展類,產業局,市場處,BR016,0,申請臺北市公有零售市場標租攤位契約屆期續約,市場處,全程式,20240815T154600,20251222T104200,https://service.taipei/case-detail/BR016
產業發展類,產業局,市場處,BR017,0,臺北市公有零售市(商)場市集精進補助計畫補助申請,市場處,線上填表,20240815T154700,20260226T103400,https://service.taipei/case-detail/BR017
產業發展類,產業局,市場處,BR018,0,臺北市公有零售市(商)場市集精進補助計畫查驗申請,市場處,線上填表,20240815T154800,20260226T105800,https://service.taipei/case-detail/BR018
產業發展類,產業局,市場處,BR019,0,臺北市攤販集中場市集精進補助計畫補助申請,市場處,線上填表,20240815T155100,20251229T174500,https://service.taipei/case-detail/BR019
產業發展類,產業局,市場處,BR020,0,臺北市攤販集中場市集精進補助計畫查驗申請,市場處,線上填表,20240815T155100,20251229T183500,https://service.taipei/case-detail/BR020
產業發展類,產業局,市場處,BR022,0,申請使用臺北市台北、站前及龍山寺地下街廣告物,市場處,非全程式,20240815T155300,20260313T091400,https://service.taipei/case-detail/BR022
產業發展類,產業局,市場處,BR023,0,申請臺北市行動餐車(胖卡)業者登記,市場處,線上填表,20240815T155400,20251218T144600,https://service.taipei/case-detail/BR023
產業發展類,產業局,市場處,BR024,0,申請臺北市臨時攤販集中場短期攤位使用,市場處,非全程式,20240815T155500,20251218T150200,https://service.taipei/case-detail/BR024
產業發展類,產業局,市場處,BR025,0,申請建國假日藝文特區空攤遞補,市場處,非全程式,20240815T155600,20251119T092600,https://service.taipei/case-detail/BR025
產業發展類,產業局,市場處,BR026,0,申請臺北市公有零售市(商)場行銷補助,市場處,非全程式,20240815T155700,20251218T153100,https://service.taipei/case-detail/BR026
產業發展類,產業局,市場處,BR038,0,申請臺北市臨時攤販集中場行銷補助,市場處,非全程式,20240815T161400,20251212T105800,https://service.taipei/case-detail/BR038
產業發展類,產業局,市場處,BR040,0,申請臺北市地下街行銷補助,市場處,非全程式,20240815T161500,20251119T092900,https://service.taipei/case-detail/BR040
產業發展類,產業局,市場處,BR041,0,申請臺北市攤販營業許可證,市場處,全程式,20240815T161600,20260313T091700,https://service.taipei/case-detail/BR041
地政類,地政局,開發總隊,BT001,0,地籍複製圖及多目標地籍圖繪製,開發總隊,全程式,20240815T154500,20260317T141800,https://service.taipei/case-detail/BT001
地政類,地政局,開發總隊,BT002,0,地籍/控制測量成果電子資料檔供應,開發總隊,全程式,20240815T155000,20260324T135500,https://service.taipei/case-detail/BT002
地政類,地政局,開發總隊,BT003,0,重測資料複印及閱覽,開發總隊,線上填表,20240815T155100,20260317T152500,https://service.taipei/case-detail/BT003
地政類,地政局,開發總隊,BT004,0,成立自辦市地重劃籌備會,開發總隊,非全程式,20240815T155400,20260317T153000,https://service.taipei/case-detail/BT004
地政類,地政局,開發總隊,BT005,0,成立自辦市地重劃重劃會,開發總隊,非全程式,20240815T160300,20260312T154100,https://service.taipei/case-detail/BT005
地政類,地政局,開發總隊,BT006,0,核定重劃範圍,開發總隊,非全程式,20240815T160400,20260312T154200,https://service.taipei/case-detail/BT006
地政類,地政局,開發總隊,BT007,0,實施市地重劃/修訂重劃計畫書,開發總隊,非全程式,20240815T160700,20260312T154300,https://service.taipei/case-detail/BT007
地政類,地政局,開發總隊,BT008,0,評定重劃前後地價,開發總隊,非全程式,20240815T160800,20260312T154400,https://service.taipei/case-detail/BT008
地政類,地政局,開發總隊,BT009,0,調處重劃土地改良物補償數額或拆遷事宜,開發總隊,非全程式,20240815T160900,20260312T170700,https://service.taipei/case-detail/BT009
地政類,地政局,開發總隊,BT010,0,核定公共設施工程設計書圖及工程預算,開發總隊,非全程式,20240815T161500,20260316T140500,https://service.taipei/case-detail/BT010
地政類,地政局,開發總隊,BT011,0,查核公共設施工程,開發總隊,非全程式,20240815T161600,20260316T140500,https://service.taipei/case-detail/BT011
地政類,地政局,開發總隊,BT012,0,會同驗收自辦市地重劃地區重劃工程,開發總隊,非全程式,20240815T162000,20260316T140500,https://service.taipei/case-detail/BT012
地政類,地政局,開發總隊,BT013,0,核發自辦市地重劃負擔總費用證明書,開發總隊,非全程式,20240815T162100,20251229T100900,https://service.taipei/case-detail/BT013
地政類,地政局,開發總隊,BT014,0,抵費地出售(工程竣工驗收者),開發總隊,非全程式,20240815T162100,20250723T100700,https://service.taipei/case-detail/BT014
地政類,地政局,開發總隊,BT016,0,抵費地出售(工程未竣工驗收者),開發總隊,非全程式,20240815T162200,20250723T100700,https://service.taipei/case-detail/BT016
地政類,地政局,開發總隊,BT017,0,解散重劃會,開發總隊,非全程式,20240815T162300,20250723T141300,https://service.taipei/case-detail/BT017
地政類,地政局,開發總隊,BT018,0,補發重劃負擔總費用證明書,開發總隊,全程式,20240815T162300,20251226T094200,https://service.taipei/case-detail/BT018
地政類,地政局,開發總隊,BT019,0,更名重劃負擔總費用證明書,開發總隊,非全程式,20240815T162400,20251125T085200,https://service.taipei/case-detail/BT019
產業發展類,產業局,動保處,BU001,0,狗運動公園及狗活動區認養,動保處,全程式,20240815T135800,20260320T181000,https://service.taipei/case-detail/BU001
產業發展類,產業局,動保處,BU003,0,推廣寵物保險補助,動保處,全程式,20240815T141900,20260212T115400,https://service.taipei/case-detail/BU003
產業發展類,產業局,動保處,BU004,0,動物狂犬病預防注射,動保處,線上填表,20240815T142000,20260317T140700,https://service.taipei/case-detail/BU004
產業發展類,產業局,動保處,BU005,0,補助民間認養照護收容犬貓申請,動保處,全程式,20240815T142100,20251001T165300,https://service.taipei/case-detail/BU005
產業發展類,產業局,動保處,BU006,0,動物用生物藥品查驗,動保處,非全程式,20240815T142500,20260317T140800,https://service.taipei/case-detail/BU006
產業發展類,產業局,動保處,BU007,0,家犬貓絕育補助,動保處,全程式,20240815T142600,20260114T135100,https://service.taipei/case-detail/BU007
產業發展類,產業局,動保處,BU008,0,街貓友善照護行動方案（TCCP）獎勵補助申請,動保處,非全程式,20240815T143000,20251223T143800,https://service.taipei/case-detail/BU008
產業發展類,產業局,動保處,BU009,0,獸醫診療機構開業執照變更申請,動保處,非全程式,20240815T143400,20251223T152700,https://service.taipei/case-detail/BU009
產業發展類,產業局,動保處,BU010,0,種畜進口同意文件層轉,動保處,非全程式,20240815T143600,20250730T154300,https://service.taipei/case-detail/BU010
產業發展類,產業局,動保處,BU011,0,臺北市動物保護獎勵補助申請,動保處,非全程式,20240815T143700,20251226T154800,https://service.taipei/case-detail/BU011
產業發展類,產業局,動保處,BU012,0,建國假日花市愛心犬貓認養場地使用申請,動保處,全程式,20240815T143800,20250919T151600,https://service.taipei/case-detail/BU012
產業發展類,產業局,動保處,BU014,0,動物用藥品販賣業許可證變_登記、補(換)發、停、_、歇業及展延,動保處,非全程式,20240815T144100,20260317T163200,https://service.taipei/case-detail/BU014
產業發展類,產業局,動保處,BU015,0,動物認養,動保處,線上填表,20240815T144300,20251223T155000,https://service.taipei/case-detail/BU015
產業發展類,產業局,動保處,BU017,0,動物認領,動保處,線上填表,20240815T144500,20260317T103700,https://service.taipei/case-detail/BU017
產業發展類,產業局,動保處,BU018,0,臺北市動物之家拍攝申請,動保處,全程式,20240815T144700,20251223T160900,https://service.taipei/case-detail/BU018
產業發展類,產業局,動保處,BU019,0,申請獸醫診療機構開業執照,動保處,非全程式,20240815T144700,20260317T141800,https://service.taipei/case-detail/BU019
產業發展類,產業局,動保處,BU020,0,申請獸醫師(佐)執業執照,動保處,非全程式,20240815T144800,20260317T141700,https://service.taipei/case-detail/BU020
產業發展類,產業局,動保處,BU021,0,獸醫師(佐)執業執照變更申請,動保處,非全程式,20240815T144900,20251223T152900,https://service.taipei/case-detail/BU021
產業發展類,產業局,動保處,BU022,0,獸醫佐執業資格認定證明書層轉,動保處,非全程式,20240815T145000,20251218T164900,https://service.taipei/case-detail/BU022
產業發展類,產業局,動保處,BU023,0,寵物登記,動保處,線上填表,20240815T145000,20260317T114600,https://service.taipei/case-detail/BU023
產業發展類,產業局,動保處,BU024,0,申請設立本市委託代辦寵物登記機構,動保處,全程式,20240815T145000,20251223T164200,https://service.taipei/case-detail/BU024
產業發展類,產業局,動保處,BU025,0,飼料(飼料添加物)輸入登記證申請,動保處,非全程式,20240815T145500,20251117T092400,https://service.taipei/case-detail/BU025
產業發展類,產業局,動保處,BU026,0,牧場登記,動保處,非全程式,20240815T145600,20251223T164700,https://service.taipei/case-detail/BU026
產業發展類,產業局,動保處,BU027,0,動物用藥品販賣業許可證申請,動保處,非全程式,20240815T145600,20260317T141600,https://service.taipei/case-detail/BU027
產業發展類,產業局,動保處,BU028,0,輸出鳥類健康證明書申請,動保處,全程式,20240815T145700,20251223T170700,https://service.taipei/case-detail/BU028
產業發展類,產業局,動保處,BU029,0,飼料輸入登記證展延,動保處,非全程式,20240815T145800,20251218T163000,https://service.taipei/case-detail/BU029
產業發展類,產業局,動保處,BU030,0,商業性輸出鳥類登記,動保處,全程式,20240815T145800,20250730T154100,https://service.taipei/case-detail/BU030
產業發展類,產業局,動保處,BU031,0,飼料販賣業登記證申請,動保處,非全程式,20240815T145900,20251223T153100,https://service.taipei/case-detail/BU031
產業發展類,產業局,動保處,BU032,0,飼料輸入登記證變更,動保處,非全程式,20240815T145900,20250730T155100,https://service.taipei/case-detail/BU032
產業發展類,產業局,動保處,BU033,0,飼料樣品輸入登記申請,動保處,全程式,20240815T150100,20260226T121000,https://service.taipei/case-detail/BU033
產業發展類,產業局,動保處,BU034,0,飼料販賣業登記證變更,動保處,非全程式,20240815T150200,20251218T164400,https://service.taipei/case-detail/BU034
產業發展類,產業局,動保處,BU035,0,保育類野生動物及其產製品註銷登記申請,動保處,非全程式,20240815T150300,20251224T092200,https://service.taipei/case-detail/BU035
產業發展類,產業局,動保處,BU036,0,申請保育類野生動物及其產製品進出口層轉-申請輸入及輸出保育類野生動物產製品、申請輸入及輸出保育類野生動物活體,動保處,全程式,20240815T150300,20250730T155900,https://service.taipei/case-detail/BU036
產業發展類,產業局,動保處,BU037,0,特定寵物業許可登記,動保處,非全程式,20240815T150400,20260317T111000,https://service.taipei/case-detail/BU037
產業發展類,產業局,動保處,BU038,0,申請臺北市保育類野生動物皮製用品販賣同意文件,動保處,全程式,20240815T150500,20260226T121300,https://service.taipei/case-detail/BU038
產業發展類,產業局,動保處,BU039,0,臺北巿狗運動公園場地使用申請,動保處,全程式,20240815T150700,20260317T114900,https://service.taipei/case-detail/BU039
產業發展類,產業局,動保處,BU040,0,申請登記持有保育類野生動物及其產製品,動保處,非全程式,20240815T150800,20251224T145000,https://service.taipei/case-detail/BU040
產業發展類,產業局,動保處,BU041,0,動物展演許可及營運計畫書變更申請,動保處,非全程式,20240815T150800,20260317T112600,https://service.taipei/case-detail/BU041
產業發展類,產業局,動保處,BU042,0,動物展演許可證展延及補(換)發申請,動保處,非全程式,20240815T150900,20251224T104300,https://service.taipei/case-detail/BU042
產業發展類,產業局,動保處,BU043,0,動物展演許可事項變更申請,動保處,非全程式,20240815T150900,20251224T110500,https://service.taipei/case-detail/BU043
產業發展類,產業局,動保處,BU044,0,動物展演停(歇)業或復業申請,動保處,非全程式,20240815T151000,20251224T111200,https://service.taipei/case-detail/BU044
產業發展類,產業局,動保處,BU045,0,民間動物收容處所設置許可、展延、登記證書申請、登記事項變更、停止與恢復營運,動保處,非全程式,20240815T151100,20250919T151700,https://service.taipei/case-detail/BU045
產業發展類,產業局,動保處,BU046,0,補助民間輔導安養機構認證與評鑑作業及認證申請,動保處,非全程式,20250225T171400,20260305T151600,https://service.taipei/case-detail/BU046
產業發展類,產業局,動保處,BU047,0,申請保育類野生動物及其產製品進出口層轉-申請再輸出保育類野生動物產製品、申請再輸出保育類野生動物活體,動保處,全程式,20250407T143500,20260226T122000,https://service.taipei/case-detail/BU047
產業發展類,產業局,動保處,BU048,0,民間動物收容處所補助申請,動保處,非全程式,20250407T150100,20251224T115600,https://service.taipei/case-detail/BU048
財政類,財政局,稅捐處,BX001,0,申請地價稅自用住宅用地,稅捐處,全程式,20240809T160300,20260206T153400,https://service.taipei/case-detail/BX001
財政類,財政局,稅捐處,BX003,0,申請地價稅自用住宅用地改按一般用地,稅捐處,全程式,20240809T160600,20251113T164300,https://service.taipei/case-detail/BX003
財政類,財政局,稅捐處,BX004,0,申請地價稅減免,稅捐處,全程式,20240809T160700,20251113T164300,https://service.taipei/case-detail/BX004
財政類,財政局,稅捐處,BX005,0,申請核發地價稅課稅明細表,稅捐處,全程式,20240809T160900,20251205T163100,https://service.taipei/case-detail/BX005
財政類,財政局,稅捐處,BX006,0,申請補發地價稅繳款書,稅捐處,全程式,20240809T161000,20251113T164400,https://service.taipei/case-detail/BX006
財政類,財政局,稅捐處,BX007,0,申報一般土地增值稅,稅捐處,全程式,20240809T161100,20251205T143500,https://service.taipei/case-detail/BX007
財政類,財政局,稅捐處,BX008,0,申報自用住宅土地增值稅,稅捐處,全程式,20240809T161200,20251205T145400,https://service.taipei/case-detail/BX008
財政類,財政局,稅捐處,BX009,0,申請農業用地不課徵土地增值稅,稅捐處,全程式,20240809T161300,20251205T145800,https://service.taipei/case-detail/BX009
財政類,財政局,稅捐處,BX010,0,申請撤銷土地增值稅申報,稅捐處,全程式,20240809T161400,20251113T162800,https://service.taipei/case-detail/BX010
財政類,財政局,稅捐處,BX011,0,查詢曾否享受自用住宅土地增值稅,稅捐處,全程式,20240809T161800,20251113T175100,https://service.taipei/case-detail/BX011
財政類,財政局,稅捐處,BX012,0,申請估算土地增值稅,稅捐處,全程式,20240809T161900,20250808T160100,https://service.taipei/case-detail/BX012
財政類,財政局,稅捐處,BX013,0,申請使用牌照稅一般免稅,稅捐處,全程式,20240809T162000,20251222T165400,https://service.taipei/case-detail/BX013
財政類,財政局,稅捐處,BX014,0,申報房屋新、增、改建設籍及使用情形變更,稅捐處,全程式,20240809T162100,20251208T100000,https://service.taipei/case-detail/BX014
財政類,財政局,稅捐處,BX015,0,申報房屋使用情形變更,稅捐處,全程式,20240809T162300,20251127T090100,https://service.taipei/case-detail/BX015
財政類,財政局,稅捐處,BX016,0,變更房屋稅納稅義務人名義,稅捐處,全程式,20240809T162300,20251113T165000,https://service.taipei/case-detail/BX016
財政類,財政局,稅捐處,BX017,0,房屋稅評定現值重核,稅捐處,全程式,20240809T162500,20251125T120400,https://service.taipei/case-detail/BX017
財政類,財政局,稅捐處,BX018,0,申請房屋稅稅籍證明,稅捐處,全程式,20240809T162600,20260317T144400,https://service.taipei/case-detail/BX018
財政類,財政局,稅捐處,BX019,0,申請核發房屋稅未達起徵點免稅證明,稅捐處,全程式,20240809T162700,20251208T101600,https://service.taipei/case-detail/BX019
財政類,財政局,稅捐處,BX020,0,申請房屋稅課稅明細表(含房屋現值),稅捐處,全程式,20240809T163100,20251113T164200,https://service.taipei/case-detail/BX020
財政類,財政局,稅捐處,BX021,0,申請房屋稅及地價稅分單繳納,稅捐處,全程式,20240809T163300,20251113T164500,https://service.taipei/case-detail/BX021
財政類,財政局,稅捐處,BX022,0,申報房屋稅減免,稅捐處,全程式,20240809T163400,20251113T165200,https://service.taipei/case-detail/BX022
財政類,財政局,稅捐處,BX023,0,查詢房屋稅稅籍編號,稅捐處,全程式,20240809T163500,20260123T161400,https://service.taipei/case-detail/BX023
財政類,財政局,稅捐處,BX024,0,申請補發房屋稅繳款書,稅捐處,全程式,20240809T163600,20251208T102300,https://service.taipei/case-detail/BX024
財政類,財政局,稅捐處,BX025,0,申報契稅,稅捐處,全程式,20240809T163700,20251113T175300,https://service.taipei/case-detail/BX025
財政類,財政局,稅捐處,BX026,0,申請撤銷契稅申報,稅捐處,全程式,20240809T163900,20251113T175400,https://service.taipei/case-detail/BX026
財政類,財政局,稅捐處,BX027,0,申請及變更印花稅彙總繳納,稅捐處,全程式,20240809T164200,20251124T120800,https://service.taipei/case-detail/BX027
財政類,財政局,稅捐處,BX028,0,申請印花稅開立繳款書,稅捐處,全程式,20240809T164300,20251124T114800,https://service.taipei/case-detail/BX028
財政類,財政局,稅捐處,BX029,0,申請臨時公演,稅捐處,線上填表,20240809T164400,20251125T110900,https://service.taipei/case-detail/BX029
財政類,財政局,稅捐處,BX030,0,申請娛樂業開業代徵稅款,稅捐處,全程式,20240809T164500,20251119T163500,https://service.taipei/case-detail/BX030
財政類,財政局,稅捐處,BX031,0,申請娛樂業變更登記,稅捐處,全程式,20240809T164900,20251210T092500,https://service.taipei/case-detail/BX031
財政類,財政局,稅捐處,BX032,0,申請娛樂業停業復業,稅捐處,全程式,20240809T165000,20251125T110600,https://service.taipei/case-detail/BX032
財政類,財政局,稅捐處,BX033,0,申請娛樂業歇業(註銷),稅捐處,全程式,20240809T165100,20251125T111000,https://service.taipei/case-detail/BX033
財政類,財政局,稅捐處,BX034,0,申請使用牌照稅退稅,稅捐處,全程式,20240809T165200,20251205T135000,https://service.taipei/case-detail/BX034
財政類,財政局,稅捐處,BX035,0,申請補發使用牌照稅繳款書,稅捐處,全程式,20240809T165300,20251124T112900,https://service.taipei/case-detail/BX035
財政類,財政局,稅捐處,BX036,0,申請更正房屋稅繳款書記載錯誤事項,稅捐處,全程式,20240809T165500,20251208T102700,https://service.taipei/case-detail/BX036
財政類,財政局,稅捐處,BX037,0,申請更正地價稅繳款書記載錯誤事項,稅捐處,全程式,20240809T165600,20251205T160200,https://service.taipei/case-detail/BX037
財政類,財政局,稅捐處,BX038,0,申請更正使用牌照稅繳款書身分證統一編號、送達地址,稅捐處,全程式,20240809T165700,20251125T100800,https://service.taipei/case-detail/BX038
財政類,財政局,稅捐處,BX039,0,申請各稅重溢繳退稅,稅捐處,全程式,20240809T165800,20260204T083700,https://service.taipei/case-detail/BX039
財政類,財政局,稅捐處,BX040,0,申請退還重複繳納房屋稅,稅捐處,全程式,20240809T165900,20251113T164300,https://service.taipei/case-detail/BX040
財政類,財政局,稅捐處,BX041,0,申請退還重複繳納地價稅,稅捐處,全程式,20240809T170000,20251205T160500,https://service.taipei/case-detail/BX041
財政類,財政局,稅捐處,BX042,0,申請退還重複繳納使用牌照稅,稅捐處,全程式,20240809T170200,20251124T141100,https://service.taipei/case-detail/BX042
財政類,財政局,稅捐處,BX043,0,申請核發房屋稅繳納證明,稅捐處,全程式,20240809T170300,20260128T113500,https://service.taipei/case-detail/BX043
財政類,財政局,稅捐處,BX044,0,申請核發地價稅繳納證明,稅捐處,全程式,20240809T170400,20260128T113100,https://service.taipei/case-detail/BX044
財政類,財政局,稅捐處,BX045,0,申請核發使用牌照稅納稅證明,稅捐處,全程式,20240809T170700,20260128T113500,https://service.taipei/case-detail/BX045
財政類,財政局,稅捐處,BX046,0,申請解除出境限制,稅捐處,全程式,20240809T170800,20260128T114300,https://service.taipei/case-detail/BX046
財政類,財政局,稅捐處,BX047,0,申請更正退稅支票,稅捐處,非全程式,20240809T170900,20260122T152300,https://service.taipei/case-detail/BX047
財政類,財政局,稅捐處,BX048,0,申請掛失止付補發退稅支票,稅捐處,全程式,20240809T171000,20260209T145100,https://service.taipei/case-detail/BX048
財政類,財政局,稅捐處,BX049,0,申請無欠稅證明,稅捐處,全程式,20240809T171100,20260122T153100,https://service.taipei/case-detail/BX049
財政類,財政局,稅捐處,BX050,0,申請全國財產(所得)總歸戶資料,稅捐處,全程式,20240809T171300,20260114T165700,https://service.taipei/case-detail/BX050
財政類,財政局,稅捐處,BX051,0,債權人查調債務人課稅資料,稅捐處,非全程式,20240809T171400,20260317T135600,https://service.taipei/case-detail/BX051
財政類,財政局,稅捐處,BX052,0,申請娛樂票券訂印,稅捐處,全程式,20240809T171500,20251210T093600,https://service.taipei/case-detail/BX052
財政類,財政局,稅捐處,BX053,0,申請使用牌照稅身心障礙者免稅,稅捐處,全程式,20240809T171600,20260213T091700,https://service.taipei/case-detail/BX053
財政類,財政局,稅捐處,BX054,0,申請使用牌照稅身心障礙者免稅(MyData申辦),稅捐處,全程式,20240809T171800,20260206T135900,https://service.taipei/case-detail/BX054
財政類,財政局,稅捐處,BX055,0,申請土地增值稅自用住宅用地重購退稅,稅捐處,全程式,20240809T171900,20251205T151400,https://service.taipei/case-detail/BX055
財政類,財政局,稅捐處,BX056,0,申請更正土地增值稅繳款書,稅捐處,全程式,20240809T172100,20251113T175600,https://service.taipei/case-detail/BX056
財政類,財政局,稅捐處,BX057,0,申請臨時公演免(減)徵娛樂稅,稅捐處,線上填表,20240809T172400,20251210T094300,https://service.taipei/case-detail/BX057
財政類,財政局,稅捐處,BX058,0,申請災害損失減免使用牌照稅,稅捐處,全程式,20240809T172400,20251124T141700,https://service.taipei/case-detail/BX058
財政類,財政局,稅捐處,BX059,0,申請委託轉帳代繳(領)各項稅款,稅捐處,全程式,20240809T172600,20260128T113200,https://service.taipei/case-detail/BX059
財政類,財政局,稅捐處,BX060,0,申請終止委託轉帳代繳稅款,稅捐處,全程式,20240809T172700,20260128T113300,https://service.taipei/case-detail/BX060
財政類,財政局,稅捐處,BX061,0,申請地價稅適用工業（廠）用地稅率,稅捐處,全程式,20240809T172800,20251113T164600,https://service.taipei/case-detail/BX061
財政類,財政局,稅捐處,BX062,0,申請地價稅加油站、停車場用地稅率,稅捐處,全程式,20240809T173000,20251113T164600,https://service.taipei/case-detail/BX062
財政類,財政局,稅捐處,BX063,0,申請更正改按自用住宅用地稅率課徵土地增值稅,稅捐處,全程式,20240809T173300,20251205T151800,https://service.taipei/case-detail/BX063
財政類,財政局,稅捐處,BX064,0,申請更正改按農業用地不課徵土地增值稅,稅捐處,全程式,20240809T173400,20251205T152100,https://service.taipei/case-detail/BX064
財政類,財政局,稅捐處,BX065,0,申請自動遷讓眷舍,稅捐處,,20240809T173500,20251113T160300,https://service.taipei/case-detail/BX065
財政類,財政局,稅捐處,BX066,0,申請塗銷禁止財產處分登記,稅捐處,全程式,20240809T174000,20260128T113800,https://service.taipei/case-detail/BX066
財政類,財政局,稅捐處,BX067,0,申請災害損失減徵娛樂稅,稅捐處,全程式,20240812T095900,20250821T170700,https://service.taipei/case-detail/BX067
財政類,財政局,稅捐處,BX068,0,申請核發契稅繳納證明,稅捐處,全程式,20240812T100200,20251205T153400,https://service.taipei/case-detail/BX068
財政類,財政局,稅捐處,BX069,0,申請核發契價證明,稅捐處,全程式,20240812T100400,20251205T153800,https://service.taipei/case-detail/BX069
財政類,財政局,稅捐處,BX070,0,申請使用市有公用不動產,稅捐處,全程式,20240812T100500,20251222T165400,https://service.taipei/case-detail/BX070
財政類,財政局,稅捐處,BX071,0,申請有償使用（占用）市有公用土地,稅捐處,全程式,20240812T100600,20251205T153400,https://service.taipei/case-detail/BX071
財政類,財政局,稅捐處,BX072,0,申請分期繳納積欠之使用補償金,稅捐處,全程式,20240812T104800,20251205T153600,https://service.taipei/case-detail/BX072
財政類,財政局,稅捐處,BX073,0,申請使用補償金六折計收,稅捐處,全程式,20240812T104900,20251205T153700,https://service.taipei/case-detail/BX073
財政類,財政局,稅捐處,BX074,0,申請續使用市有公用不動產,稅捐處,全程式,20240812T105000,20251205T153800,https://service.taipei/case-detail/BX074
財政類,財政局,稅捐處,BX075,0,申請提供擔保品,稅捐處,非全程式,20240812T105200,20260128T114200,https://service.taipei/case-detail/BX075
財政類,財政局,稅捐處,BX076,0,申請領回擔保品,稅捐處,非全程式,20240812T105300,20260128T114100,https://service.taipei/case-detail/BX076
財政類,財政局,稅捐處,BX077,0,申請地價稅改課田賦或田賦改課地價稅,稅捐處,全程式,20240812T105400,20251113T164700,https://service.taipei/case-detail/BX077
財政類,財政局,稅捐處,BX078,0,申請納稅者權利保護事項,稅捐處,全程式,20240812T105500,20260317T154300,https://service.taipei/case-detail/BX078
財政類,財政局,稅捐處,BX079,0,因調整公告地價申請延期分期繳納地價稅,稅捐處,全程式,20240812T105600,20260209T150600,https://service.taipei/case-detail/BX079
財政類,財政局,稅捐處,BX080,0,納稅義務人申請加計利息分期繳納應繳稅款(補徵鉅額稅款適用),稅捐處,全程式,20240812T105700,20251203T110800,https://service.taipei/case-detail/BX080
財政類,財政局,稅捐處,BX081,0,申請繳款書以電子方式傳送,稅捐處,全程式,20240812T105900,20251117T134000,https://service.taipei/case-detail/BX081
財政類,財政局,稅捐處,BX082,0,納稅義務人申請延期或分期繳納稅捐(天災事變、經濟弱勢適用),稅捐處,全程式,20240812T110000,20251203T120200,https://service.taipei/case-detail/BX082
財政類,財政局,稅捐處,BX083,0,臺北市分期繳納地方稅申請(客觀事實繳納困難適用),稅捐處,全程式,20240812T110100,20251208T145600,https://service.taipei/case-detail/BX083
財政類,財政局,稅捐處,BX084,0,申請使用牌照稅定期開徵繳款書及長期約定轉帳繳納通知歸戶,稅捐處,全程式,20240812T110200,20260128T113600,https://service.taipei/case-detail/BX084
財政類,財政局,稅捐處,BX085,0,申請臺北市地方稅復查,稅捐處,全程式,20240812T110300,20250730T153500,https://service.taipei/case-detail/BX085
財政類,財政局,稅捐處,BX087,0,申請稅籍異動即時通,稅捐處,全程式,20250213T093100,20251230T084300,https://service.taipei/case-detail/BX087
財政類,財政局,稅捐處,BX088,0,因應美國對等關稅政策影響申請地方稅延期或分期繳納稅捐,稅捐處,全程式,20250429T091000,20251203T105600,https://service.taipei/case-detail/BX088
財政類,財政局,動質處,BZ001,0,學業成績祝福金申請,動質處,非全程式,20240812T110500,20251113T152700,https://service.taipei/case-detail/BZ001
財政類,財政局,動質處,BZ002,0,求職成功祝福金申請,動質處,非全程式,20240812T110500,20251113T155400,https://service.taipei/case-detail/BZ002
財政類,財政局,動質處,BZ003,0,職訓結訓祝福金申請,動質處,非全程式,20240812T110700,20251113T155800,https://service.taipei/case-detail/BZ003
財政類,財政局,動質處,BZ004,0,康復祝福金申請,動質處,非全程式,20240812T110700,20251113T155800,https://service.taipei/case-detail/BZ004
財政類,財政局,動質處,BZ005,0,新生兒祝福金申請,動質處,非全程式,20240812T110800,20251114T095400,https://service.taipei/case-detail/BZ005
財政類,財政局,動質處,BZ006,0,臺北市動產質借處「業務簡介及鑑定教學體驗活動」,動質處,線上填表,20240812T110800,20251113T145600,https://service.taipei/case-detail/BZ006
民政類,民政局,孔廟,CB001,0,臺北市孔廟戶外場地使用申請,孔廟,全程式,20240812T095400,20260205T163100,https://service.taipei/case-detail/CB001
民政類,民政局,孔廟,CB002,0,臺北市孔廟劇院場地使用申請,孔廟,全程式,20240812T095600,20260128T094600,https://service.taipei/case-detail/CB002
民政類,民政局,孔廟,CB003,0,臺北市孔廟預約導覽,孔廟,全程式,20250305T181200,20260122T175600,https://service.taipei/case-detail/CB003
都市發展類,都發局,更新處,CD001,0,申請自行劃定都市更新單元審查,更新處,非全程式,20240814T112100,20251124T160100,https://service.taipei/case-detail/CD001
都市發展類,都發局,更新處,CD002,0,申請「大稻埕歷史風貌特定專用區」容積移轉審查,更新處,非全程式,20240814T112300,20250821T150000,https://service.taipei/case-detail/CD002
都市發展類,都發局,更新處,CD003,0,臺北市協助民間推動都市更新事業經費補助,更新處,非全程式,20240814T112400,20250821T110900,https://service.taipei/case-detail/CD003
都市發展類,都發局,更新處,CD004,0,都市更新事業概要申請報核與補正,更新處,非全程式,20240814T112600,20250724T151800,https://service.taipei/case-detail/CD004
都市發展類,都發局,更新處,CD005,0,都市更新事業概要申請核准,更新處,非全程式,20240814T112600,20250724T152800,https://service.taipei/case-detail/CD005
都市發展類,都發局,更新處,CD006,0,都市更新事業計畫申請報核與公展,更新處,非全程式,20240814T112700,20250724T153000,https://service.taipei/case-detail/CD006
都市發展類,都發局,更新處,CD007,0,都市更新事業計畫申請審查,更新處,非全程式,20240814T112800,20250818T155300,https://service.taipei/case-detail/CD007
都市發展類,都發局,更新處,CD008,0,都市更新權利變換計畫申請報核與公展,更新處,非全程式,20240814T112900,20250821T143800,https://service.taipei/case-detail/CD008
都市發展類,都發局,更新處,CD009,0,都市更新權利變換計畫申請審查,更新處,非全程式,20240814T113100,20250724T153700,https://service.taipei/case-detail/CD009
都市發展類,都發局,更新處,CD010,0,都市更新團體申請核准籌組,更新處,非全程式,20240814T113100,20260323T152800,https://service.taipei/case-detail/CD010
都市發展類,都發局,更新處,CD011,0,都市更新團體申請核准立案,更新處,非全程式,20240814T113200,20260323T152500,https://service.taipei/case-detail/CD011
都市發展類,都發局,更新處,CD012,0,申請公告禁止移轉,更新處,非全程式,20240814T113200,20250724T163600,https://service.taipei/case-detail/CD012
都市發展類,都發局,更新處,CD013,0,都市更新成果備查,更新處,非全程式,20240814T113300,20250724T163700,https://service.taipei/case-detail/CD013
都市發展類,都發局,更新處,CD014,0,都市更新整建維護補助（事業）計畫案申請審查,更新處,非全程式,20240814T113800,20250724T170300,https://service.taipei/case-detail/CD014
都市發展類,都發局,更新處,CD015,0,都市更新會員大會紀錄核備,更新處,非全程式,20240814T113900,20260323T152900,https://service.taipei/case-detail/CD015
都市發展類,都發局,更新處,CD016,0,申請囑託登記,更新處,非全程式,20240814T113900,20250724T170700,https://service.taipei/case-detail/CD016
都市發展類,都發局,更新處,CD017,0,申請投資抵減,更新處,非全程式,20240814T114000,20250724T170700,https://service.taipei/case-detail/CD017
都市發展類,都發局,更新處,CD018,0,申請代拆審查作業,更新處,非全程式,20240814T114000,20250724T170800,https://service.taipei/case-detail/CD018
都市發展類,都發局,更新處,CD019,0,申請更新地區入內測量調查審查,更新處,非全程式,20240814T114100,20250724T171400,https://service.taipei/case-detail/CD019
都市發展類,都發局,更新處,CD020,0,申請提送事業計畫展期審查,更新處,非全程式,20240814T114100,20250724T171400,https://service.taipei/case-detail/CD020
都市發展類,都發局,更新處,CD021,0,臺北市整建住宅更新初期規劃費補助申請,更新處,非全程式,20240814T114200,20251201T113000,https://service.taipei/case-detail/CD021
都市發展類,都發局,更新處,CD022,0,臺北市協助老舊建築物增設電梯補助,更新處,非全程式,20240814T114300,20250923T142900,https://service.taipei/case-detail/CD022
環保類,環保局,木柵焚化廠,CE001,0,代處理一般事業廢棄物及一般廢棄物焚化申請（木柵垃圾焚化廠）,木柵焚化廠,全程式,20250320T082700,20260226T172400,https://service.taipei/case-detail/CE001
環保類,環保局,木柵焚化廠,CE002,0,臺北市政府環境保護局垃圾焚化廠參觀申請（木柵垃圾焚化廠）,木柵焚化廠,全程式,20250320T084200,20260313T084000,https://service.taipei/case-detail/CE002
文化類,文化局,中山堂,CF001,0,60、臺北市中山堂管理所受理團體導覽,中山堂,全程式,20240812T095600,20250922T153000,https://service.taipei/case-detail/CF001
文化類,文化局,中山堂,CF002,0,61、臺北市中山堂管理所受理影視拍攝申請,中山堂,全程式,20240812T095800,20250919T171600,https://service.taipei/case-detail/CF002
文化類,文化局,中山堂,CF003,0,59、臺北市中山堂管理所廣場使用,中山堂,全程式,20240812T100100,20250919T173400,https://service.taipei/case-detail/CF003
文化類,文化局,中山堂,CF004,0,57、臺北市中山堂管理所中正廳使用,中山堂,全程式,20240812T100200,20250918T145500,https://service.taipei/case-detail/CF004
文化類,文化局,中山堂,CF005,0,58、臺北市中山堂管理所光復廳使用,中山堂,全程式,20240812T100300,20251112T161500,https://service.taipei/case-detail/CF005
文化類,文化局,中山堂,CF006,0,63、臺北市中山堂管理所臺北書院講堂使用,中山堂,全程式,20240812T100500,20260106T101400,https://service.taipei/case-detail/CF006
文化類,文化局,中山堂,CF007,0,62、臺北市中山堂管理所展覽室使用,中山堂,全程式,20240812T100700,20250919T174900,https://service.taipei/case-detail/CF007
文化類,文化局,中山堂,CF008,0,64、臺北市中山堂管理所臺北書院第一包廂使用,中山堂,全程式,20240812T101000,20250919T175000,https://service.taipei/case-detail/CF008
文化類,文化局,中山堂,CF009,0,65、臺北市中山堂管理所臺北書院第二包廂使用,中山堂,全程式,20240812T101200,20250919T175100,https://service.taipei/case-detail/CF009
環保類,環保局,內湖焚化廠,CG003,0,代處理一般事業廢棄物及一般廢棄物焚化申請（內湖垃圾焚化廠）,內湖焚化廠,全程式,20250319T164600,20260311T135500,https://service.taipei/case-detail/CG003
環保類,環保局,內湖焚化廠,CG005,0,臺北市政府環境保護局垃圾焚化廠參觀申請（內湖垃圾焚化廠）,內湖焚化廠,全程式,20250730T150400,20260310T103700,https://service.taipei/case-detail/CG005
都市發展類,都發局,建管處,CH001,0,臺北市違章建築爭議案件處理,建管處,非全程式,20240814T134000,20251231T100600,https://service.taipei/case-detail/CH001
都市發展類,都發局,建管處,CH002,0,外牆安全診斷檢查及申報案件,建管處,非全程式,20240814T134000,20251019T174000,https://service.taipei/case-detail/CH002
都市發展類,都發局,建管處,CH003,0,重建計畫案,建管處,非全程式,20240814T134100,20250804T145700,https://service.taipei/case-detail/CH003
都市發展類,都發局,建管處,CH004,0,土資場申請使用許可,建管處,非全程式,20240814T134100,20250903T102900,https://service.taipei/case-detail/CH004
都市發展類,都發局,建管處,CH005,0,土資場申請設置許可,建管處,非全程式,20240814T134200,20250804T150700,https://service.taipei/case-detail/CH005
都市發展類,都發局,建管處,CH006,0,臺北市建築物外牆安全診斷檢查及申報之機構與人員認可證申請案,建管處,非全程式,20240814T134300,20250904T143900,https://service.taipei/case-detail/CH006
都市發展類,都發局,建管處,CH007,0,臺北市競選廣告物選舉公布欄刊登申請,建管處,全程式,20240814T134400,20250904T144700,https://service.taipei/case-detail/CH007
都市發展類,都發局,建管處,CH008,0,合法房屋證明,建管處,非全程式,20240814T134600,20250804T151600,https://service.taipei/case-detail/CH008
都市發展類,都發局,建管處,CH009,0,建造執照申請與變更設計,建管處,非全程式,20240814T134600,20250811T151900,https://service.taipei/case-detail/CH009
都市發展類,都發局,建管處,CH010,0,拆除執照,建管處,非全程式,20240814T134700,20250811T151400,https://service.taipei/case-detail/CH010
都市發展類,都發局,建管處,CH011,0,雜項執照與變更設計,建管處,非全程式,20240814T134900,20250811T151400,https://service.taipei/case-detail/CH011
都市發展類,都發局,建管處,CH012,0,變更使用執照許可,建管處,非全程式,20240814T135000,20250811T151500,https://service.taipei/case-detail/CH012
都市發展類,都發局,建管處,CH013,0,陽臺補登,建管處,非全程式,20240814T135000,20251124T150800,https://service.taipei/case-detail/CH013
都市發展類,都發局,建管處,CH014,0,建築執照檔案圖說複列印,建管處,線上填表,20240814T135300,20251203T110000,https://service.taipei/case-detail/CH014
都市發展類,都發局,建管處,CH015,0,臨時展演場所申請案,建管處,非全程式,20240814T135400,20250812T135800,https://service.taipei/case-detail/CH015
都市發展類,都發局,建管處,CH016,0,都市計畫公共設施保留地臨時建築申請案,建管處,非全程式,20240814T135500,20250804T161000,https://service.taipei/case-detail/CH016
都市發展類,都發局,建管處,CH017,0,保變住地區原有合法建築物整建及增建臨時建築申請案,建管處,非全程式,20240814T135600,20250804T180800,https://service.taipei/case-detail/CH017
都市發展類,都發局,建管處,CH018,0,合法建築物變更圖說審核（一定規模以下防火區劃、防火避難設施、停車空間、外牆及防空避難設備變更）,建管處,非全程式,20240814T135700,20250804T163400,https://service.taipei/case-detail/CH018
都市發展類,都發局,建管處,CH019,0,加油站用地許可申請案,建管處,非全程式,20240814T135800,20250903T170500,https://service.taipei/case-detail/CH019
都市發展類,都發局,建管處,CH020,0,軍事建築物免申請建照申請案,建管處,非全程式,20240814T135900,20250903T170500,https://service.taipei/case-detail/CH020
都市發展類,都發局,建管處,CH021,0,法定空地分割證明申請案,建管處,非全程式,20240814T140000,20250903T170700,https://service.taipei/case-detail/CH021
都市發展類,都發局,建管處,CH022,0,建築法定空地臨時機械式停車架設置申請案,建管處,非全程式,20240814T140100,20250804T172500,https://service.taipei/case-detail/CH022
都市發展類,都發局,建管處,CH023,0,建築工程借用道路許可證,建管處,非全程式,20240814T140200,20250926T103500,https://service.taipei/case-detail/CH023
都市發展類,都發局,建管處,CH024,0,變更起造人,建管處,非全程式,20240814T140200,20250730T224100,https://service.taipei/case-detail/CH024
都市發展類,都發局,建管處,CH025,0,建築執照地籍套繪圖列印,建管處,非全程式,20240814T140400,20250804T141700,https://service.taipei/case-detail/CH025
都市發展類,都發局,建管處,CH026,0,申辦開工,建管處,非全程式,20240814T140500,20250801T184000,https://service.taipei/case-detail/CH026
都市發展類,都發局,建管處,CH027,0,開（竣）工展期,建管處,非全程式,20240814T140500,20250801T185700,https://service.taipei/case-detail/CH027
都市發展類,都發局,建管處,CH028,0,變更承、監造人,建管處,非全程式,20240814T140600,20250801T190800,https://service.taipei/case-detail/CH028
都市發展類,都發局,建管處,CH029,0,放樣勘驗,建管處,非全程式,20240814T142500,20250804T102300,https://service.taipei/case-detail/CH029
都市發展類,都發局,建管處,CH030,0,一般樓層勘驗,建管處,非全程式,20240814T142600,20250804T105500,https://service.taipei/case-detail/CH030
都市發展類,都發局,建管處,CH031,0,建築師設立登記(含變更),建管處,非全程式,20240814T142700,20251015T145400,https://service.taipei/case-detail/CH031
都市發展類,都發局,建管處,CH032,0,綜合（專業）營造業設立登記(含變更),建管處,非全程式,20240814T143100,20260112T142700,https://service.taipei/case-detail/CH032
都市發展類,都發局,建管處,CH033,0,土木包工業設立登記(含變更),建管處,,20240814T143700,20260112T141800,https://service.taipei/case-detail/CH033
都市發展類,都發局,建管處,CH034,0,使用執照存根,建管處,非全程式,20240814T143900,20250904T094300,https://service.taipei/case-detail/CH034
都市發展類,都發局,建管處,CH035,0,申請無使用執照紀錄,建管處,非全程式,20240814T143900,20251114T181900,https://service.taipei/case-detail/CH035
都市發展類,都發局,建管處,CH036,0,建築物變更使用執照申請竣工查驗,建管處,非全程式,20240814T144000,20250904T095800,https://service.taipei/case-detail/CH036
都市發展類,都發局,建管處,CH037,0,建築物公共安全檢查簽證及申報,建管處,全程式,20240814T144200,20250904T100700,https://service.taipei/case-detail/CH037
都市發展類,都發局,建管處,CH038,0,建築物室內裝修圖說審查,建管處,非全程式,20240814T144300,20250904T101900,https://service.taipei/case-detail/CH038
都市發展類,都發局,建管處,CH039,0,建築物室內裝修竣工查驗,建管處,非全程式,20240814T144400,20250904T102500,https://service.taipei/case-detail/CH039
都市發展類,都發局,建管處,CH040,0,大型廣告物雜項執照,建管處,非全程式,20240814T144500,20250904T161800,https://service.taipei/case-detail/CH040
都市發展類,都發局,建管處,CH043,0,大型廣告物雜項執照變更起造人,建管處,非全程式,20240814T145200,20250903T172600,https://service.taipei/case-detail/CH043
都市發展類,都發局,建管處,CH044,0,大型廣告物雜項使用執照,建管處,非全程式,20240814T145300,20250903T172900,https://service.taipei/case-detail/CH044
都市發展類,都發局,建管處,CH045,0,公寓大廈管理組織申請報備,建管處,非全程式,20240814T145400,20250902T145800,https://service.taipei/case-detail/CH045
都市發展類,都發局,建管處,CH046,0,大型廣告物許可證,建管處,非全程式,20240814T145500,20250903T173100,https://service.taipei/case-detail/CH046
都市發展類,都發局,建管處,CH047,0,小型廣告物設置許可,建管處,非全程式,20240814T145600,20251128T155100,https://service.taipei/case-detail/CH047
都市發展類,都發局,建管處,CH048,0,小型廣告物登記證,建管處,非全程式,20240814T145700,20250903T173500,https://service.taipei/case-detail/CH048
都市發展類,都發局,建管處,CH049,0,公共基金撥付,建管處,非全程式,20240814T145800,20260127T173500,https://service.taipei/case-detail/CH049
都市發展類,都發局,建管處,CH050,0,使用執照申請,建管處,非全程式,20240814T150000,20251128T162400,https://service.taipei/case-detail/CH050
都市發展類,都發局,建管處,CH051,0,臺北市選舉候選人申請興建臨時性競選辦事處,建管處,非全程式,20240814T150100,20250804T175000,https://service.taipei/case-detail/CH051
都市發展類,都發局,建管處,CH052,0,臺北市公寓大廈管理維護使用空間設置申請,建管處,非全程式,20240814T150800,20250804T175100,https://service.taipei/case-detail/CH052
都市發展類,都發局,建管處,CH053,0,臺北市建築施工損鄰事件爭議處理,建管處,非全程式,20240814T151000,20250804T111800,https://service.taipei/case-detail/CH053
都市發展類,都發局,建管處,CH054,0,合法建築物變更圖說審核（一定規模以下戶數變更）,建管處,非全程式,20240814T151200,20250904T105900,https://service.taipei/case-detail/CH054
都市發展類,都發局,建管處,CH055,0,臺北市競選廣告物申請,建管處,非全程式,20240814T151500,20250904T110700,https://service.taipei/case-detail/CH055
都市發展類,都發局,建管處,CH056,0,臺北市廣告物示範區美化更置申請及補助,建管處,非全程式,20240814T151900,20250904T111400,https://service.taipei/case-detail/CH056
都市發展類,都發局,建管處,CH058,0,未領得使用執照既有建築物申請接水接電作業,建管處,非全程式,20240814T154600,20251201T153700,https://service.taipei/case-detail/CH058
都市發展類,都發局,建管處,CH059,0,合法建築物變更竣工審核（一定規模以下戶數變更）,建管處,非全程式,20240814T154900,20250904T112400,https://service.taipei/case-detail/CH059
都市發展類,都發局,建管處,CH060,0,臺北市公私有畸零地合併使用證明申請,建管處,非全程式,20240814T155200,20251124T151300,https://service.taipei/case-detail/CH060
都市發展類,都發局,建管處,CH061,0,畸零地調處申請案件,建管處,非全程式,20240814T161300,20250804T161800,https://service.taipei/case-detail/CH061
都市發展類,都發局,建管處,CH062,0,保變住地區原有合法建築物整建及增建臨時建築備查案,建管處,非全程式,20240814T161400,20250804T174800,https://service.taipei/case-detail/CH062
都市發展類,都發局,建管處,CH063,0,建築執照變更備查申請案件,建管處,非全程式,20240814T161600,20250811T151500,https://service.taipei/case-detail/CH063
都市發展類,都發局,建管處,CH064,0,臺北市剩餘資源處理計畫申請案,建管處,非全程式,20240814T161700,20250804T112600,https://service.taipei/case-detail/CH064
都市發展類,都發局,建管處,CH065,0,臺北市剩餘資源完成報告申請案,建管處,非全程式,20240814T161700,20250804T135500,https://service.taipei/case-detail/CH065
都市發展類,都發局,建管處,CH066,0,臺北市建築工程搭建樣品屋及設置臨時廣告物,建管處,非全程式,20240814T161800,20250804T140200,https://service.taipei/case-detail/CH066
都市發展類,都發局,建管處,CH067,0,營造業跨縣市變更地址登記,建管處,非全程式,20240814T162100,20250904T104300,https://service.taipei/case-detail/CH067
都市發展類,都發局,建管處,CH068,0,臺北市大內湖科技園區次核心產業回饋金申請-回饋金核算,建管處,非全程式,20240814T162200,20250904T104700,https://service.taipei/case-detail/CH068
都市發展類,都發局,建管處,CH069,0,申請耐震評估補助部分費用,建管處,非全程式,20240814T162300,20250904T113000,https://service.taipei/case-detail/CH069
都市發展類,都發局,建管處,CH070,0,臺北市小型招牌廣告簡化許可申請,建管處,全程式,20240814T162400,20251030T113500,https://service.taipei/case-detail/CH070
都市發展類,都發局,建管處,CH071,0,綠建築維護基金申請,建管處,非全程式,20240814T162600,20250904T140400,https://service.taipei/case-detail/CH071
都市發展類,都發局,建管處,CH072,0,合法建築物變更竣工審核（一定規模以下主要構造、防火區劃、防火避難設施、停車空間、外牆及防空避難設備變更）,建管處,非全程式,20241223T115100,20250904T141200,https://service.taipei/case-detail/CH072
都市發展類,都發局,建管處,CH073,0,昇降設備停用申請,建管處,非全程式,20241226T155800,20260113T170700,https://service.taipei/case-detail/CH073
都市發展類,都發局,建管處,CH074,0,老舊建物外牆修繕補助申請,建管處,非全程式,20250212T101500,20250904T142600,https://service.taipei/case-detail/CH074
都市發展類,都發局,建管處,CH075,0,老舊建物外牆修繕補助核銷,建管處,非全程式,20250212T104900,20250904T142800,https://service.taipei/case-detail/CH075
都市發展類,都發局,建管處,CH076,0,臺北市合法建築物平屋頂建造斜屋頂申請,建管處,非全程式,20250226T150000,20260119T104700,https://service.taipei/case-detail/CH076
工務類,工務局,新工處,CI001,0,建築物施工損壞道路等附屬公共設施複勘申請,新工處,全程式,20240812T141800,20250729T154300,https://service.taipei/case-detail/CI001
工務類,工務局,新工處,CI002,0,臺北市橋梁隧道附設纜線申請,新工處,全程式,20240812T141900,20260317T153200,https://service.taipei/case-detail/CI002
工務類,工務局,新工處,CI003,0,臺北市人行道設置斜坡道申請,新工處,非全程式,20240812T142000,20260121T104700,https://service.taipei/case-detail/CI003
工務類,工務局,新工處,CI004,0,臺北市人行道設置斜坡道展延申請,新工處,非全程式,20240812T142200,20251218T141600,https://service.taipei/case-detail/CI004
工務類,工務局,新工處,CI005,0,臺北市人行道設置斜坡道竣工查驗申請,新工處,非全程式,20240812T142300,20250723T105800,https://service.taipei/case-detail/CI005
工務類,工務局,新工處,CI006,0,臺北市人行道無償認養,新工處,非全程式,20240812T142400,20260119T094400,https://service.taipei/case-detail/CI006
工務類,工務局,新工處,CI007,0,臺北市人行道設置露天座申請,新工處,非全程式,20240812T142500,20260317T153700,https://service.taipei/case-detail/CI007
工務類,工務局,新工處,CI008,0,臺北市使用道路集會申請,新工處,全程式,20240812T142600,20250725T135900,https://service.taipei/case-detail/CI008
工務類,工務局,新工處,CI009,0,道路土地捐贈,新工處,非全程式,20240812T142600,20260113T112700,https://service.taipei/case-detail/CI009
工務類,工務局,新工處,CI010,0,臺北市舉辦公共工程拆除合法建築物賸餘部分就地整建申請,新工處,非全程式,20240812T142700,20250723T145300,https://service.taipei/case-detail/CI010
民政類,民政局,殯葬處,CJ001,0,申請靈骨(灰)遷出,殯葬處,線上填表,20240812T090900,20251231T154600,https://service.taipei/case-detail/CJ001
民政類,民政局,殯葬處,CJ002,0,「懷愛館三期整建工程」工程範圍內地上物自行遷出領回遷移費申請,殯葬處,線上填表,20240812T091000,20251231T154800,https://service.taipei/case-detail/CJ002
民政類,民政局,殯葬處,CJ003,0,申請使用治喪禮廳,殯葬處,全程式,20240812T091400,20251231T144700,https://service.taipei/case-detail/CJ003
民政類,民政局,殯葬處,CJ004,0,申請寵物灑葬,殯葬處,非全程式,20240812T091700,20251231T153100,https://service.taipei/case-detail/CJ004
民政類,民政局,殯葬處,CJ005,0,申請樹葬、花葬,殯葬處,非全程式,20240812T092000,20251231T153200,https://service.taipei/case-detail/CJ005
民政類,民政局,殯葬處,CJ006,0,申請靈骨(灰)寄存,殯葬處,線上填表,20240812T092100,20251231T150200,https://service.taipei/case-detail/CJ006
民政類,民政局,殯葬處,CJ007,0,申請海葬,殯葬處,非全程式,20240812T092600,20251231T153500,https://service.taipei/case-detail/CJ007
民政類,民政局,殯葬處,CJ008,0,申請神主牌位,殯葬處,非全程式,20240812T092700,20251231T153300,https://service.taipei/case-detail/CJ008
民政類,民政局,殯葬處,CJ009,0,申請低收入戶(無親屬)喪葬補助,殯葬處,非全程式,20240812T092700,20251231T144200,https://service.taipei/case-detail/CJ009
民政類,民政局,殯葬處,CJ010,0,申請生前預立環保葬意願書,殯葬處,全程式,20240812T092800,20260121T134600,https://service.taipei/case-detail/CJ010
民政類,民政局,殯葬處,CJ011,0,殯葬服務業申請許可變更,殯葬處,非全程式,20240812T092900,20251231T152600,https://service.taipei/case-detail/CJ011
民政類,民政局,殯葬處,CJ012,0,殯葬服務業申請跨直轄市、縣（市）營業備查,殯葬處,非全程式,20240812T093100,20251231T152400,https://service.taipei/case-detail/CJ012
民政類,民政局,殯葬處,CJ013,0,殯葬服務業申請許可備查,殯葬處,非全程式,20240812T093400,20251231T152100,https://service.taipei/case-detail/CJ013
民政類,民政局,殯葬處,CJ014,0,申請修墳、起掘作業,殯葬處,非全程式,20240812T093600,20260316T104500,https://service.taipei/case-detail/CJ014
民政類,民政局,殯葬處,CJ015,0,申請使用墓地,殯葬處,線上填表,20240812T093700,20260127T152700,https://service.taipei/case-detail/CJ015
民政類,民政局,殯葬處,CJ016,0,申請埋葬許可證,殯葬處,非全程式,20240812T093800,20260127T151600,https://service.taipei/case-detail/CJ016
民政類,民政局,殯葬處,CJ017,0,申請遺體火化作業,殯葬處,全程式,20240812T093800,20251231T145900,https://service.taipei/case-detail/CJ017
民政類,民政局,殯葬處,CJ018,0,申請靈柩寄存,殯葬處,非全程式,20240812T093900,20251231T145100,https://service.taipei/case-detail/CJ018
民政類,民政局,殯葬處,CJ019,0,申請接運遺體,殯葬處,非全程式,20240812T094200,20251231T144900,https://service.taipei/case-detail/CJ019
民政類,民政局,殯葬處,CJ020,0,申請設置殯儀館或火化場,殯葬處,非全程式,20240812T094300,20251231T144000,https://service.taipei/case-detail/CJ020
民政類,民政局,殯葬處,CJ021,0,申請公立公墓遷置補償費（救濟金）案件,殯葬處,非全程式,20240812T094400,20251231T150900,https://service.taipei/case-detail/CJ021
民政類,民政局,殯葬處,CJ022,0,申請設置公墓或骨灰(骸)存放設施,殯葬處,非全程式,20240812T094500,20251231T143700,https://service.taipei/case-detail/CJ022
民政類,民政局,殯葬處,CJ023,0,申請遺體防腐與遺體防腐證明書,殯葬處,非全程式,20240812T094500,20251231T154400,https://service.taipei/case-detail/CJ023
民政類,民政局,殯葬處,CJ024,0,申請補發中文火化許可證,殯葬處,非全程式,20240812T094600,20251231T154200,https://service.taipei/case-detail/CJ024
民政類,民政局,殯葬處,CJ025,0,申請英文火化許可證,殯葬處,非全程式,20240812T094700,20251231T154100,https://service.taipei/case-detail/CJ025
民政類,民政局,殯葬處,CJ026,0,申請多元環保葬鼓勵金,殯葬處,非全程式,20240812T094800,20260107T105600,https://service.taipei/case-detail/CJ026
民政類,民政局,殯葬處,CJ027,0,殯葬服務業申請生前殯葬服務契約業務,殯葬處,非全程式,20240812T094900,20251231T152900,https://service.taipei/case-detail/CJ027
民政類,民政局,殯葬處,CJ028,0,第一綠地場地使用申請,殯葬處,非全程式,20250723T165100,20251231T155300,https://service.taipei/case-detail/CJ028
民政類,民政局,殯葬處,CJ029,0,申請7年輪葬展延,殯葬處,非全程式,20250723T171900,20251231T155200,https://service.taipei/case-detail/CJ029
民政類,民政局,殯葬處,CJ030,0,申請骨骸火化作業,殯葬處,非全程式,20250730T112400,20251231T154900,https://service.taipei/case-detail/CJ030
工務類,工務局,水利處,CK001,0,臺北市轄管河川區域認養,水利處,全程式,20240812T153500,20250730T100100,https://service.taipei/case-detail/CK001
工務類,工務局,水利處,CK002,0,臺北市河濱公園場地使用申請(營利性及非營利性活動),水利處,全程式,20240812T153700,20251229T160400,https://service.taipei/case-detail/CK002
工務類,工務局,水利處,CK003,0,臺北市河防建造物附掛纜線作業,水利處,全程式,20240812T153900,20251229T160700,https://service.taipei/case-detail/CK003
工務類,工務局,水利處,CK004,0,臺北市河濱公園開放街頭藝人展演場地使用登記申請,水利處,全程式,20240812T153900,20251229T161200,https://service.taipei/case-detail/CK004
工務類,工務局,水利處,CK005,0,臺北市市區排水審查,水利處,全程式,20240812T155200,20251229T161000,https://service.taipei/case-detail/CK005
工務類,工務局,水利處,CK006,0,有線纜線申請暫掛雨水下水道作業,水利處,非全程式,20240812T161100,20251118T174000,https://service.taipei/case-detail/CK006
工務類,工務局,水利處,CK007,0,市區雨水下水道管線資料申請作業,水利處,全程式,20240812T161200,20260318T091000,https://service.taipei/case-detail/CK007
工務類,工務局,水利處,CK008,0,河川(排水設施範圍)公(私)地一般使用申請,水利處,非全程式,20240812T161300,20251117T165700,https://service.taipei/case-detail/CK008
工務類,工務局,水利處,CK009,0,臺北市河濱公園車輛臨時通行證申請,水利處,全程式,20240812T161300,20250718T110100,https://service.taipei/case-detail/CK009
工務類,工務局,水利處,CK010,0,臺北市市區排水案件完工查驗,水利處,全程式,20240812T161400,20251117T165900,https://service.taipei/case-detail/CK010
工務類,工務局,公園處,CL001,0,裝設路燈,公園處,全程式,20240812T143000,20251230T105800,https://service.taipei/case-detail/CL001
工務類,工務局,公園處,CL002,0,公園處場地使用（一般性活動）,公園處,全程式,20240812T143100,20251230T105900,https://service.taipei/case-detail/CL002
工務類,工務局,公園處,CL003,0,公園處場地使用（營利性活動）,公園處,全程式,20240812T143300,20251230T105900,https://service.taipei/case-detail/CL003
工務類,工務局,公園處,CL004,0,行道樹移植申請,公園處,非全程式,20240812T143800,20251230T105900,https://service.taipei/case-detail/CL004
工務類,工務局,公園處,CL005,0,公園及行道樹認養申請,公園處,非全程式,20240812T144000,20251230T113700,https://service.taipei/case-detail/CL005
工務類,工務局,公園處,CL006,0,行道樹懸掛燈飾申請,公園處,非全程式,20240812T144100,20260317T152100,https://service.taipei/case-detail/CL006
工務類,工務局,公園處,CL007,0,路燈桿遷移,公園處,全程式,20240812T144300,20251230T105400,https://service.taipei/case-detail/CL007
工務類,工務局,公園處,CL008,0,申請分期攤繳5年無權占用使用補償金,公園處,全程式,20240812T144500,20251230T101700,https://service.taipei/case-detail/CL008
工務類,工務局,公園處,CL010,0,永樂廣場場地申請,公園處,全程式,20250211T152600,20251230T111600,https://service.taipei/case-detail/CL010
教育類,教育局,圖書館,CM001,0,臺北市立圖書館借閱證申請（借閱電子館藏）,圖書館,全程式,20240812T115600,20251224T182700,https://service.taipei/case-detail/CM001
教育類,教育局,圖書館,CM002,0,臺北市立圖書館場地租借申請,圖書館,全程式,20240812T115800,20260312T140700,https://service.taipei/case-detail/CM002
教育類,教育局,圖書館,CM003,0,臺北市立圖書館預約導覽申請,圖書館,全程式,20240812T115900,20251224T180400,https://service.taipei/case-detail/CM003
教育類,教育局,圖書館,CM004,0,臺北市立圖書館借閱證申請（借閱實體館藏）,圖書館,全程式,20240812T120000,20251224T181600,https://service.taipei/case-detail/CM004
工務類,工務局,衛工處,CN001,0,新建房屋申請污水下水道用戶排水設備設置設計審查,衛工處,非全程式,20240812T145800,20260316T134500,https://service.taipei/case-detail/CN001
工務類,工務局,衛工處,CN002,0,既有房屋申請污水下水道用戶排水設備設置設計審查,衛工處,非全程式,20240812T150200,20260316T134700,https://service.taipei/case-detail/CN002
工務類,工務局,衛工處,CN003,0,污水下水道用戶排水設備設置變更設計審查,衛工處,非全程式,20240812T150500,20260316T134800,https://service.taipei/case-detail/CN003
工務類,工務局,衛工處,CN004,0,污水下水道用戶排水設備設置施工核轉挖掘道路證明,衛工處,全程式,20240812T150600,20251124T101900,https://service.taipei/case-detail/CN004
工務類,工務局,衛工處,CN005,0,污水下水道用戶排水設備設置核轉免配合統一申挖證明,衛工處,全程式,20240812T150700,20251124T101900,https://service.taipei/case-detail/CN005
工務類,工務局,衛工處,CN006,0,污水下水道用戶排水設備設置竣工查驗,衛工處,非全程式,20240812T151000,20251124T101900,https://service.taipei/case-detail/CN006
工務類,工務局,衛工處,CN007,0,污水下水道用戶排水設備設置竣工備查,衛工處,非全程式,20240812T151100,20251124T105900,https://service.taipei/case-detail/CN007
工務類,工務局,衛工處,CN008,0,臺北市污水管渠套繪圖案件申請作業,衛工處,全程式,20240812T151200,20251124T102000,https://service.taipei/case-detail/CN008
工務類,工務局,衛工處,CN009,0,臺北市污水管渠現場會勘案件申請作業,衛工處,全程式,20240812T151300,20251124T102000,https://service.taipei/case-detail/CN009
工務類,工務局,衛工處,CN010,0,污水下水道投肥證核發,衛工處,全程式,20240812T151400,20251124T102100,https://service.taipei/case-detail/CN010
工務類,工務局,衛工處,CN011,0,參觀污水處理廠,衛工處,全程式,20240812T151500,20260302T112100,https://service.taipei/case-detail/CN011
工務類,工務局,衛工處,CN012,0,『建築物既有化糞池廢除或改設為污水坑補助』資格鑑定,衛工處,全程式,20240812T151600,20251230T160600,https://service.taipei/case-detail/CN012
工務類,工務局,衛工處,CN013,0,例假日及國定假日進場投肥,衛工處,全程式,20240812T151700,20251124T102200,https://service.taipei/case-detail/CN013
工務類,工務局,衛工處,CN014,0,『建築物既有化糞池廢除或改設為污水坑補助』申請,衛工處,非全程式,20240812T151800,20251230T135800,https://service.taipei/case-detail/CN014
工務類,工務局,衛工處,CN015,0,『建築物既有化糞池廢除或改設為污水坑補助』竣工審查,衛工處,非全程式,20240812T152000,20251124T102200,https://service.taipei/case-detail/CN015
教育類,教育局,動物園,CO001,0,臺北市立動物園場地租借申請,動物園,網路預約,20240812T114900,20260312T090200,https://service.taipei/case-detail/CO001
教育類,教育局,動物園,CO002,0,臺北市立動物園預約導覽申請,動物園,網路預約,20250402T122800,20260312T090900,https://service.taipei/case-detail/CO002
工務類,工務局,大地處,CP001,1,水土保持計畫申請(含水土保持計畫變更設計申請),大地處,全程式,20240812T152200,20251112T173300,https://service.taipei/case-detail/CP001
工務類,工務局,大地處,CP002,2,簡易水土保持申報書申請（含簡易水土保持申報書變更設計申請）,大地處,全程式,20240812T152300,20251112T173400,https://service.taipei/case-detail/CP002
工務類,工務局,大地處,CP003,3,水土保持施工許可證申請（水土保持計畫申報開工）,大地處,全程式,20240812T152400,20251112T173500,https://service.taipei/case-detail/CP003
工務類,工務局,大地處,CP004,4,簡易水土保持申報書申報開工,大地處,全程式,20240812T152500,20251112T173500,https://service.taipei/case-detail/CP004
工務類,工務局,大地處,CP005,5,水土保持計畫完工申請,大地處,全程式,20240812T152600,20251112T173600,https://service.taipei/case-detail/CP005
工務類,工務局,大地處,CP006,6,簡易水土保持申報書完工申請,大地處,全程式,20240812T152600,20251112T173600,https://service.taipei/case-detail/CP006
工務類,工務局,大地處,CP007,7,貴子坑水土保持教學園區解說申請,大地處,全程式,20240812T152700,20251112T173800,https://service.taipei/case-detail/CP007
工務類,工務局,大地處,CP009,9,私有林採伐,大地處,全程式,20240812T152800,20251112T174000,https://service.taipei/case-detail/CP009
工務類,工務局,大地處,CP010,10,非保安林範圍之查察,大地處,全程式,20240812T152900,20251230T101300,https://service.taipei/case-detail/CP010
工務類,工務局,大地處,CP011,11,水土保持計畫及簡易水土保持申報書展延工期,大地處,全程式,20240812T153000,20251112T174100,https://service.taipei/case-detail/CP011
工務類,工務局,大地處,CP012,12,山坡地水土保持諮詢服務,大地處,全程式,20240812T153100,20251112T174200,https://service.taipei/case-detail/CP012
工務類,工務局,大地處,CP013,13,大地工程處轄管場地租借,大地處,全程式,20240812T153200,20260313T085200,https://service.taipei/case-detail/CP013
工務類,工務局,大地處,CP014,14,大地工程處所轄場域影視拍攝申請,大地處,全程式,20240812T153200,20260313T085100,https://service.taipei/case-detail/CP014
工務類,工務局,大地處,CP015,8,北投貴子坑露營場及內湖碧山露營場露營申請,大地處,全程式,20241226T103500,20251230T141300,https://service.taipei/case-detail/CP015
教育類,教育局,天文館,CR003,0,臺北市立天文科學教育館展示場定時導覽預約,天文館,全程式,20250210T160700,20251226T154500,https://service.taipei/case-detail/CR003
教育類,教育局,天文館,CR004,0,臺北市立天文科學教育館場地租借,天文館,全程式,20250310T171900,20251226T155000,https://service.taipei/case-detail/CR004
教育類,教育局,教研中心,CS001,0,臺北市教師研習中心場地使用,教研中心,全程式,20250721T160300,20251229T145000,https://service.taipei/case-detail/CS001
環保類,環保局,北投焚化廠,CU001,0,代處理一般事業廢棄物及一般廢棄物焚化申請（北投垃圾焚化廠）,北投焚化廠,全程式,20250320T091300,20260323T163200,https://service.taipei/case-detail/CU001
環保類,環保局,北投焚化廠,CU002,0,臺北市政府環境保護局垃圾焚化廠參觀申請（北投垃圾焚化廠）,北投焚化廠,全程式,20250320T093100,20260312T165100,https://service.taipei/case-detail/CU002
社政類,社會局,家防中心,CV001,0,特殊境遇家庭扶助之家庭暴力被害人補助,家防中心,非全程式,20240813T114800,20251023T105100,https://service.taipei/case-detail/CV001
社政類,社會局,家防中心,CV002,0,臺北市性侵害被害人補助,家防中心,非全程式,20240813T114900,20251231T142500,https://service.taipei/case-detail/CV002
社政類,社會局,家防中心,CV003,0,臺北市家庭暴力被害人補助,家防中心,非全程式,20240813T114900,20251231T142500,https://service.taipei/case-detail/CV003
社政類,社會局,家防中心,CV004,0,臺北市家庭暴力暨性侵害防治中心場地租借,家防中心,全程式,20240813T115000,20260312T112300,https://service.taipei/case-detail/CV004
社政類,社會局,陽明教養院,CW001,0,陽明教養院重新核費,陽明教養院,全程式,20240813T114300,20251231T085100,https://service.taipei/case-detail/CW001
社政類,社會局,陽明教養院,CW002,0,陽明教養院外界團體參觀,陽明教養院,全程式,20240813T114300,20251230T105500,https://service.taipei/case-detail/CW002
社政類,社會局,陽明教養院,CW003,0,陽明教養院活動場所使用,陽明教養院,全程式,20240813T114400,20250909T115700,https://service.taipei/case-detail/CW003
社政類,社會局,浩然敬老院,CX001,0,浩然敬老院入院候缺登記（第一階段）,浩然敬老院,全程式,20240813T114500,20250730T134000,https://service.taipei/case-detail/CX001
社政類,社會局,浩然敬老院,CX002,0,浩然敬老院活動場地使用,浩然敬老院,全程式,20240813T114600,20250911T101700,https://service.taipei/case-detail/CX002
社政類,社會局,浩然敬老院,CX003,0,浩然敬老院入院（第二階段）,浩然敬老院,全程式,20240813T114600,20251223T151300,https://service.taipei/case-detail/CX003
社政類,社會局,浩然敬老院,CX004,0,浩然敬老院外界團體參訪,浩然敬老院,全程式,20240813T114700,20251224T111500,https://service.taipei/case-detail/CX004
警政類,警察局,刑警大隊,DQ001,0,當舖業籌設、勘驗、變更、換（補）發新證、停（復）業之申請,刑警大隊,全程式,20240812T170400,20260323T163900,https://service.taipei/case-detail/DQ001
警政類,警察局,刑警大隊,DQ002,0,護照遺失證明,刑警大隊,線上填表,20240812T170500,20251121T104300,https://service.taipei/case-detail/DQ002
警政類,警察局,刑警大隊,DQ005,0,民眾申請護鈔,刑警大隊,全程式,20250208T135700,20250730T113700,https://service.taipei/case-detail/DQ005
警政類,警察局,交通大隊,DR001,0,本市警察局受理之違規申訴案件（舉發單位為臺北市政府警察局所屬各分局）,交通大隊,非全程式,20240812T170600,20260311T111500,https://service.taipei/case-detail/DR001
警政類,警察局,交通大隊,DR002,0,申請計程車駕駛人執業登記測驗及講習,交通大隊,非全程式,20240812T170700,20260116T100400,https://service.taipei/case-detail/DR002
警政類,警察局,交通大隊,DR003,0,臺北市大貨車及聯結車通行證申請,交通大隊,非全程式,20240812T170800,20250729T134900,https://service.taipei/case-detail/DR003
警政類,警察局,交通大隊,DR004,0,交通大隊受理之拖吊申訴案件（舉發單位為臺北市政府警察局交通警察大隊）,交通大隊,非全程式,20240812T170800,20250722T162200,https://service.taipei/case-detail/DR004
警政類,警察局,交通大隊,DR005,0,交通事故資料申請,交通大隊,非全程式,20240812T170900,20251110T171800,https://service.taipei/case-detail/DR005
警政類,警察局,交通大隊,DR006,0,申請臨時使用道路,交通大隊,非全程式,20240812T171000,20250722T164000,https://service.taipei/case-detail/DR006
衛生類,衛生局,聯合醫院,DT001,0,一般診斷書,聯合醫院,全程式,20240813T164000,20260129T101700,https://service.taipei/case-detail/DT001
衛生類,衛生局,聯合醫院,DT002,0,死亡診斷書,聯合醫院,全程式,20240813T164500,20251114T092200,https://service.taipei/case-detail/DT002
衛生類,衛生局,聯合醫院,DT003,0,驗傷診斷證明書,聯合醫院,全程式,20240813T164600,20250723T083900,https://service.taipei/case-detail/DT003
衛生類,衛生局,聯合醫院,DT004,0,門診體檢掛號,聯合醫院,全程式,20240813T164600,20251114T092700,https://service.taipei/case-detail/DT004
衛生類,衛生局,聯合醫院,DT005,0,醫療費用證明書,聯合醫院,全程式,20240813T164700,20251114T093100,https://service.taipei/case-detail/DT005
衛生類,衛生局,聯合醫院,DT006,0,出生證明書,聯合醫院,全程式,20240813T164800,20251114T093700,https://service.taipei/case-detail/DT006
衛生類,衛生局,聯合醫院,DT007,0,死產及流產證明,聯合醫院,全程式,20240813T164800,20251114T094100,https://service.taipei/case-detail/DT007
衛生類,衛生局,聯合醫院,DT008,0,檢驗報告影印,聯合醫院,全程式,20240813T164900,20251114T094800,https://service.taipei/case-detail/DT008
衛生類,衛生局,聯合醫院,DT009,0,病歷資料,聯合醫院,全程式,20240813T165000,20251114T095100,https://service.taipei/case-detail/DT009
衛生類,衛生局,聯合醫院,DT010,0,臺北市立聯合醫院附設護理之家暨住宿式長照機構入住預約登記,聯合醫院,全程式,20240813T165100,20250729T171000,https://service.taipei/case-detail/DT010
衛生類,衛生局,聯合醫院,DT011,0,臺北市立聯合醫院失智日間病房預約登記,聯合醫院,全程式,20240813T165100,20260318T095500,https://service.taipei/case-detail/DT011
衛生類,衛生局,聯合醫院,DT012,0,臺北市立聯合醫院失智失能日間照顧中心預約登記,聯合醫院,全程式,20240813T165200,20260318T095000,https://service.taipei/case-detail/DT012
交通類,交通局,停管處,DU001,0,申請取消公有路邊停車位,停管處,全程式,20240813T113900,20251118T114000,https://service.taipei/case-detail/DU001
交通類,交通局,停管處,DU002,0,停車場營業登記申請案（屬免書證、免謄本）,停管處,非全程式,20240813T114100,20260318T093900,https://service.taipei/case-detail/DU002
交通類,交通局,停管處,DU003,0,停車場營業登記變更申請案（屬免書證、免謄本）,停管處,非全程式,20240813T114200,20260318T094200,https://service.taipei/case-detail/DU003
交通類,交通局,停管處,DU004,0,臺北市路外公共平面停車場申請（屬免書證、免謄本）,停管處,全程式,20240813T114400,20251021T144000,https://service.taipei/case-detail/DU004
交通類,交通局,停管處,DU005,0,臺北市路邊停車費重複繳費申請退費,停管處,全程式,20240813T114500,20251021T144100,https://service.taipei/case-detail/DU005
交通類,交通局,停管處,DU006,0,臺北市民營停車場申請指引標誌,停管處,全程式,20240813T114600,20251118T111800,https://service.taipei/case-detail/DU006
交通類,交通局,停管處,DU007,0,停車社區化管理計畫,停管處,全程式,20240813T114700,20260316T111200,https://service.taipei/case-detail/DU007
交通類,交通局,停管處,DU008,0,臺北市利用空地設置立體式臨時路外停車場申請（屬免書證、免謄本）,停管處,全程式,20240813T114700,20251118T113200,https://service.taipei/case-detail/DU008
交通類,交通局,停管處,DU009,0,停管處補助設置供公共使用自行車停放架,停管處,全程式,20240813T114800,20250804T103200,https://service.taipei/case-detail/DU009
交通類,交通局,停管處,DU010,0,網路線上繳路邊停車費,停管處,全程式,20240813T114900,20251112T155600,https://service.taipei/case-detail/DU010
交通類,交通局,停管處,DU011,0,臺北市松山車站南側交4廣場場地使用,停管處,全程式,20240813T115000,20251118T115200,https://service.taipei/case-detail/DU011
交通類,交通局,停管處,DU012,0,申請新增、調整公有路邊停車位,停管處,全程式,20240813T134400,20250725T101100,https://service.taipei/case-detail/DU012
交通類,交通局,停管處,DU013,0,申請臨時使用公有路邊停車位,停管處,全程式,20240813T134500,20251203T095900,https://service.taipei/case-detail/DU013
交通類,交通局,停管處,DU014,0,補助民營路外公共停車場設置電動汽車充電專用停車位及其充電設施(初審),停管處,非全程式,20240813T134600,20250725T101200,https://service.taipei/case-detail/DU014
交通類,交通局,停管處,DU015,0,補助民營路外公共停車場設置電動汽車充電專用停車位及其充電設施(複審),停管處,非全程式,20240813T135100,20251118T120200,https://service.taipei/case-detail/DU015
交通類,交通局,停管處,DU016,0,停管處受理之申訴案件(舉發單位為臺北市停車管理工程處-停車費催(追)繳及舉發違規停車案件),停管處,全程式,20240813T135200,20251117T111800,https://service.taipei/case-detail/DU016
交通類,交通局,公運處,DW001,0,申請鼓勵老舊計程車更新補助第二階段(30%)經費,公運處,全程式,20240813T110500,20250731T161000,https://service.taipei/case-detail/DW001
交通類,交通局,公運處,DW002,0,申請鼓勵老舊計程車更新補助登記,公運處,全程式,20240819T145300,20250731T165100,https://service.taipei/case-detail/DW002
交通類,交通局,公運處,DW003,0,申請鼓勵老舊計程車更新補助第一階段(70%)經費,公運處,非全程式,20240819T145400,20250930T150100,https://service.taipei/case-detail/DW003
交通類,交通局,公運處,DW005,0,申請臺北市藍色水路載客碼頭船舶靠泊,公運處,全程式,20240819T145900,20260312T155300,https://service.taipei/case-detail/DW005
交通類,交通局,公運處,DW006,0,計程車客運業車輛汰舊換新延期遞補,公運處,全程式,20240819T145900,20251124T093100,https://service.taipei/case-detail/DW006
交通類,交通局,公運處,DW007,0,計程車客運業申請停、歇業,公運處,非全程式,20240819T150000,20251216T140800,https://service.taipei/case-detail/DW007
交通類,交通局,公運處,DW008,0,個人經營計程車客運業申請籌設,公運處,全程式,20240819T150600,20251128T113700,https://service.taipei/case-detail/DW008
交通類,交通局,公運處,DW009,0,計程車運輸合作社申請入社,公運處,全程式,20240819T150800,20251124T093700,https://service.taipei/case-detail/DW009
交通類,交通局,公運處,DW010,0,計程車運輸合作社申請退社,公運處,全程式,20240819T150800,20250730T144500,https://service.taipei/case-detail/DW010
交通類,交通局,公運處,DW011,0,計程車客運業申請變更公司資料登記,公運處,非全程式,20240819T152400,20251124T093900,https://service.taipei/case-detail/DW011
交通類,交通局,公運處,DW012,0,個人經營計程車客運業及合作社社員申請輪替駕駛,公運處,全程式,20240819T153300,20251128T113800,https://service.taipei/case-detail/DW012
交通類,交通局,公運處,DW013,0,計程車合作社社員除名遞補,公運處,全程式,20240819T153400,20251124T094100,https://service.taipei/case-detail/DW013
交通類,交通局,公運處,DW014,0,計程車客運業申請車輛聯合過戶,公運處,全程式,20240819T153600,20251124T092900,https://service.taipei/case-detail/DW014
交通類,交通局,公運處,DW015,0,計程車客運業申請復業,公運處,全程式,20240819T154200,20251124T094200,https://service.taipei/case-detail/DW015
交通類,交通局,公運處,DW016,0,計程車駕駛人自備車輛參與經營契約書申請異動登錄,公運處,全程式,20240819T154300,20251124T094300,https://service.taipei/case-detail/DW016
交通類,交通局,公運處,DW017,0,計程車無線電臺申請開業,公運處,全程式,20240819T154400,20251124T094500,https://service.taipei/case-detail/DW017
交通類,交通局,公運處,DW018,0,計程車無線電臺申請定期換照,公運處,全程式,20240819T155200,20251124T094500,https://service.taipei/case-detail/DW018
交通類,交通局,公運處,DW019,0,計程車無線電臺申請變更及遷址,公運處,非全程式,20240819T155300,20251216T140900,https://service.taipei/case-detail/DW019
交通類,交通局,公運處,DW020,0,計程車無線電臺申請轉讓,公運處,非全程式,20240819T155400,20251216T141000,https://service.taipei/case-detail/DW020
交通類,交通局,公運處,DW021,0,計程車客運服務業申請籌設,公運處,非全程式,20240819T155400,20251203T153800,https://service.taipei/case-detail/DW021
交通類,交通局,公運處,DW022,0,計程車客運服務業申請立案（含外縣市遷入立案）,公運處,全程式,20240819T155500,20251125T103000,https://service.taipei/case-detail/DW022
交通類,交通局,公運處,DW023,0,計程車客運服務業申請開業,公運處,全程式,20240819T155600,20251124T100100,https://service.taipei/case-detail/DW023
交通類,交通局,公運處,DW024,0,計程車客運服務業申請停、歇業,公運處,非全程式,20240819T155800,20251203T144800,https://service.taipei/case-detail/DW024
交通類,交通局,公運處,DW025,0,計程車客運服務業延期開業,公運處,全程式,20240819T155800,20250729T094000,https://service.taipei/case-detail/DW025
交通類,交通局,公運處,DW026,0,計程車客運服務業申請變更公司組織及地址,公運處,非全程式,20240819T155900,20251203T155600,https://service.taipei/case-detail/DW026
交通類,交通局,公運處,DW027,0,計程車客運服務業申請復業,公運處,全程式,20240819T162100,20251124T101100,https://service.taipei/case-detail/DW027
交通類,交通局,公運處,DW028,0,計程車客運服務業申請變更登記,公運處,非全程式,20240819T162100,20251124T100700,https://service.taipei/case-detail/DW028
交通類,交通局,公運處,DW029,0,計程車無線電臺申請籌設,公運處,非全程式,20240819T162300,20251125T103000,https://service.taipei/case-detail/DW029
交通類,交通局,公運處,DW030,0,計程車客運業申請廢止原核准營業車輛過戶公文,公運處,全程式,20240819T162600,20251124T101500,https://service.taipei/case-detail/DW030
交通類,交通局,公運處,DW031,0,申請補發營業執照,公運處,非全程式,20240819T162900,20251124T101200,https://service.taipei/case-detail/DW031
交通類,交通局,公運處,DW032,0,個人經營計程車客運業遷址申請,公運處,全程式,20240819T162900,20251124T094600,https://service.taipei/case-detail/DW032
交通類,交通局,公運處,DW033,0,個人經營計程車客運業撤銷輪替駕駛申請,公運處,全程式,20240819T163300,20251124T101500,https://service.taipei/case-detail/DW033
交通類,交通局,公運處,DW034,0,個人經營計程車客運業補發營業執照申請,公運處,全程式,20240819T164000,20251124T101600,https://service.taipei/case-detail/DW034
交通類,交通局,公運處,DW035,0,個人經營計程車客運業歇業申請,公運處,非全程式,20240819T164100,20251205T163300,https://service.taipei/case-detail/DW035
交通類,交通局,公運處,DW036,0,個人經營計程車客運業復業申請,公運處,全程式,20240819T164300,20251124T101700,https://service.taipei/case-detail/DW036
交通類,交通局,公運處,DW037,0,個人經營計程車客運業移入開業申請,公運處,全程式,20240819T164300,20251124T101800,https://service.taipei/case-detail/DW037
交通類,交通局,公運處,DW038,0,個人經營計程車客運業停業申請,公運處,非全程式,20240819T164400,20251205T164000,https://service.taipei/case-detail/DW038
交通類,交通局,公運處,DW040,0,個人經營計程車客運業延期領牌申請,公運處,全程式,20240819T164600,20251124T101900,https://service.taipei/case-detail/DW040
交通類,交通局,公運處,DW041,0,計程車客運服務業新增派遣業務,公運處,非全程式,20240819T164700,20251124T102500,https://service.taipei/case-detail/DW041
交通類,交通局,公運處,DW042,0,申請車輛清冊,公運處,全程式,20240819T164800,20251124T101400,https://service.taipei/case-detail/DW042
交通類,交通局,公運處,DW043,0,臺北市聯營公車申請設置汽車運輸業停車場,公運處,全程式,20240819T164800,20250804T141200,https://service.taipei/case-detail/DW043
交通類,交通局,公運處,DW044,0,臺北市市區汽車客運業申請營業執照變更負責人登記,公運處,非全程式,20240819T164900,20251205T173900,https://service.taipei/case-detail/DW044
交通類,交通局,公運處,DW045,0,計程車客運業申請借用其他汽車運輸業停車場,公運處,全程式,20240819T164900,20251125T103000,https://service.taipei/case-detail/DW045
交通類,交通局,公運處,DW046,0,計程車客運業申請變更登記,公運處,非全程式,20240819T165000,20251203T150700,https://service.taipei/case-detail/DW046
交通類,交通局,公運處,DW047,0,個人計程車客運業申請開業,公運處,全程式,20240819T165000,20251124T095300,https://service.taipei/case-detail/DW047
交通類,交通局,公運處,DW048,0,交通客車申請行駛公車專用道,公運處,全程式,20240819T165100,20251205T172900,https://service.taipei/case-detail/DW048
交通類,交通局,公運處,DW049,0,申請設置公車車廂外廣告案,公運處,全程式,20240819T165100,20250729T094200,https://service.taipei/case-detail/DW049
交通類,交通局,公運處,DW050,0,臺北市辦理免費接駁路線申請設站或借用站位,公運處,全程式,20240819T165300,20251016T145300,https://service.taipei/case-detail/DW050
交通類,交通局,裁決所,DX001,0,裁決所受理之申訴案件（應到案處所為臺北市交通事件裁決所）-本市舉發案件（屬免書證、免謄本）,裁決所,全程式,20240814T110900,20251114T113100,https://service.taipei/case-detail/DX001
交通類,交通局,裁決所,DX002,0,裁決所受理之申訴案件（應到案處所為臺北市交通事件裁決所）-外縣市舉發案件（屬免書證、免謄本）,裁決所,全程式,20240814T111000,20251114T113400,https://service.taipei/case-detail/DX002
交通類,交通局,裁決所,DX003,0,臺北市車輛行車事故鑑定申請,裁決所,全程式,20240814T111100,20260313T154600,https://service.taipei/case-detail/DX003
交通類,交通局,裁決所,DX004,0,交通違規轉責過戶前車主案（屬免書證、免謄本）,裁決所,全程式,20240814T111100,20251113T101100,https://service.taipei/case-detail/DX004
交通類,交通局,裁決所,DX005,0,交通違規申請歸責駕駛人,裁決所,全程式,20240814T111300,20251113T101100,https://service.taipei/case-detail/DX005
交通類,交通局,裁決所,DX006,0,吊扣期滿駕照代寄回(屬免書證、免謄本),裁決所,全程式,20240814T111400,20251112T143300,https://service.taipei/case-detail/DX006
交通類,交通局,裁決所,DX007,0,申請製發裁決書(提起行政訴訟救濟程序方需申請製發裁決書),裁決所,全程式,20240814T111500,20251114T112900,https://service.taipei/case-detail/DX007
勞動類,勞動局,勞檢處,DZ001,0,事業單位配置勞工健康服務醫護人員及相關人員報備,勞檢處,全程式,20240814T100300,20250729T113700,https://service.taipei/case-detail/DZ001
勞動類,勞動局,勞檢處,DZ002,0,職業安全衛生管理單位(人員)設置(變更)報備,勞檢處,全程式,20240814T100800,20250729T113700,https://service.taipei/case-detail/DZ002
勞動類,勞動局,勞檢處,DZ003,0,安全衛生工作守則報備,勞檢處,全程式,20240814T102500,20251117T104200,https://service.taipei/case-detail/DZ003
勞動類,勞動局,勞檢處,DZ004,0,教育訓練線上報名,勞檢處,全程式,20240814T102900,20250729T113700,https://service.taipei/case-detail/DZ004
勞動類,勞動局,勞檢處,DZ005,0,危險性機械及設備：型式檢查,勞檢處,非全程式,20240814T103100,20260316T140600,https://service.taipei/case-detail/DZ005
勞動類,勞動局,勞檢處,DZ006,0,移動式起重機、吊籠-使用檢查,勞檢處,非全程式,20240814T103100,20260316T140800,https://service.taipei/case-detail/DZ006
勞動類,勞動局,勞檢處,DZ007,0,固定式起重機、人字臂起重桿-竣工檢查,勞檢處,非全程式,20240814T103200,20260317T083700,https://service.taipei/case-detail/DZ007
勞動類,勞動局,勞檢處,DZ008,0,危險性工作場所審查或檢查-甲、乙類工作場所,勞檢處,非全程式,20240814T103500,20260316T135300,https://service.taipei/case-detail/DZ008
勞動類,勞動局,勞檢處,DZ009,0,危險性工作場所審查或檢查-丁類工作場所,勞檢處,非全程式,20240814T103600,20251219T113200,https://service.taipei/case-detail/DZ009
勞動類,勞動局,勞檢處,DZ010,0,復工案件申請檢查-一般復工案件,勞檢處,全程式,20240814T103600,20250729T113800,https://service.taipei/case-detail/DZ010
勞動類,勞動局,勞檢處,DZ011,0,復工案件申請檢查-重大職業災害復工案件,勞檢處,非全程式,20240814T103700,20250729T113800,https://service.taipei/case-detail/DZ011
勞動類,勞動局,勞檢處,DZ013,0,危險性工作場所審查或檢查-丙類工作場所,勞檢處,非全程式,20250212T103700,20250730T111700,https://service.taipei/case-detail/DZ013
勞動類,勞動局,就服處,EA001,0,「促進毒品施用及戒治者就業服務計畫」僱用獎助及就業獎勵,就服處,全程式,20240813T175100,20260105T135300,https://service.taipei/case-detail/EA001
勞動類,勞動局,就服處,EA002,0,專案缺工就業獎勵,就服處,,20240813T175200,20250722T081800,https://service.taipei/case-detail/EA002
勞動類,勞動局,就服處,EA003,0,臨時工作津貼人員申請,就服處,非全程式,20240813T175200,20260102T202700,https://service.taipei/case-detail/EA003
勞動類,勞動局,就服處,EA004,0,失業給付(資格認定)-失業認定,就服處,全程式,20240813T175300,20250731T101400,https://service.taipei/case-detail/EA004
勞動類,勞動局,就服處,EA005,0,失業給付(資格認定)-失業再認定,就服處,全程式,20240813T175400,20250731T101400,https://service.taipei/case-detail/EA005
勞動類,勞動局,就服處,EA006,0,臺北市促進特定對象就業創業貸款利息補貼-資格審查,就服處,非全程式,20240813T175600,20251226T113800,https://service.taipei/case-detail/EA006
勞動類,勞動局,就服處,EA007,0,就業甄選成績複查,就服處,全程式,20240813T175700,20250807T161400,https://service.taipei/case-detail/EA007
勞動類,勞動局,就服處,EA008,0,原雇主辦理外籍看護工、家庭幫傭轉出,就服處,線上填表,20240813T175800,20250731T110800,https://service.taipei/case-detail/EA008
勞動類,勞動局,就服處,EA009,0,新雇主申請承接外籍看護工、外籍家庭幫傭,就服處,線上填表,20240813T175800,20251209T100400,https://service.taipei/case-detail/EA009
勞動類,勞動局,就服處,EA010,0,重大投資暨製造業雇主申請求才證明,就服處,非全程式,20240813T175900,20251209T101100,https://service.taipei/case-detail/EA010
勞動類,勞動局,就服處,EA011,0,聘僱外籍家庭幫傭申請求才證明,就服處,線上填表,20240813T180000,20251209T102100,https://service.taipei/case-detail/EA011
勞動類,勞動局,就服處,EA012,0,雇主聘僱本國籍照顧服務員補助津貼,就服處,非全程式,20240813T180100,20251209T103700,https://service.taipei/case-detail/EA012
勞動類,勞動局,就服處,EA013,0,職場學習及再適應計畫-用人單位資格審查,就服處,非全程式,20240813T180400,20251226T113900,https://service.taipei/case-detail/EA013
勞動類,勞動局,就服處,EA014,0,職場學習及再適應計畫-個案職場學習及再適應津貼及用人單位行政管理及輔導費,就服處,非全程式,20240813T180500,20251226T114100,https://service.taipei/case-detail/EA014
勞動類,勞動局,就服處,EA015,0,就業保險促進就業實施辦法-僱用獎助措施,就服處,,20240813T180500,20250305T100900,https://service.taipei/case-detail/EA015
勞動類,勞動局,就服處,EA016,0,臺北市特定對象失業者穩定就業補助辦法,就服處,,20240814T094500,20250807T090700,https://service.taipei/case-detail/EA016
勞動類,勞動局,就服處,EA017,0,鼓勵失業勞工受僱特定行業作業要點（核發津貼）,就服處,,20240814T094700,20241220T102100,https://service.taipei/case-detail/EA017
勞動類,勞動局,就服處,EA018,0,跨域就業津貼-異地就業交通補助金,就服處,非全程式,20240814T094800,20251128T164000,https://service.taipei/case-detail/EA018
勞動類,勞動局,就服處,EA019,0,跨域就業津貼-搬遷補助金,就服處,非全程式,20240814T094900,20251128T164100,https://service.taipei/case-detail/EA019
勞動類,勞動局,就服處,EA020,0,跨域就業津貼-租屋補助金,就服處,非全程式,20240814T095000,20251128T163900,https://service.taipei/case-detail/EA020
勞動類,勞動局,就服處,EA021,0,臺北市促進特定對象就業創業貸款利息補貼-利息補貼,就服處,非全程式,20240814T095100,20251226T113800,https://service.taipei/case-detail/EA021
勞動類,勞動局,就服處,EA022,0,臺北市青年職場體驗實習-資深輔導人津貼,就服處,,20240814T095200,20240814T095200,https://service.taipei/case-detail/EA022
勞動類,勞動局,就服處,EA023,0,臺北市青年職場體驗實習-關懷輔導人津貼,就服處,,20240814T095300,20240814T095300,https://service.taipei/case-detail/EA023
勞動類,勞動局,就服處,EA024,0,中高齡者職務再設計,就服處,非全程式,20240814T095400,20260112T105100,https://service.taipei/case-detail/EA024
勞動類,勞動局,就服處,EA025,0,照顧服務就業獎勵(核發津貼),就服處,,20240814T095600,20241220T102900,https://service.taipei/case-detail/EA025
勞動類,勞動局,就服處,EA026,0,「青年就業領航計畫」穩定就業津貼(津貼核發審查),就服處,,20240814T095900,20250305T101200,https://service.taipei/case-detail/EA026
勞動類,勞動局,就服處,EA027,0,勞工就業通計畫-僱用獎助,就服處,非全程式,20260224T114100,20260226T085300,https://service.taipei/case-detail/EA027
勞動類,勞動局,就服處,EA028,0,勞工就業通計畫-職務再設計,就服處,非全程式,20260224T114800,20260226T085500,https://service.taipei/case-detail/EA028
勞動類,勞動局,重建處,EB001,0,移工勞資爭議協調,重建處,非全程式,20240815T100600,20251215T111300,https://service.taipei/case-detail/EB001
勞動類,勞動局,重建處,EB002,0,身心障礙者參加國家考試、職業駕照暨技術士課程補助,重建處,非全程式,20240815T101000,20250718T110500,https://service.taipei/case-detail/EB002
勞動類,勞動局,重建處,EB003,0,臺北市補助民營事業單位、團體、私立學校邀請身心障礙(街頭)藝人展演費用,重建處,非全程式,20240815T101400,20260320T091000,https://service.taipei/case-detail/EB003
勞動類,勞動局,重建處,EB004,0,事業單位僱用職業災害勞工補助,重建處,非全程式,20240815T101600,20250718T145200,https://service.taipei/case-detail/EB004
勞動類,勞動局,重建處,EB005,0,職能復健津貼,重建處,非全程式,20240815T101600,20251215T111600,https://service.taipei/case-detail/EB005
勞動類,勞動局,重建處,EB006,0,雇主提供職業災害勞工輔助設施補助,重建處,非全程式,20240815T101700,20260115T155600,https://service.taipei/case-detail/EB006
勞動類,勞動局,重建處,EB007,0,臺北市補助身心障礙街頭藝人表演費用,重建處,非全程式,20240815T101700,20260320T091000,https://service.taipei/case-detail/EB007
勞動類,勞動局,重建處,EB008,0,私立義務機構超額進用身心障礙者獎勵金,重建處,全程式,20240815T101800,20250718T100000,https://service.taipei/case-detail/EB008
勞動類,勞動局,重建處,EB009,0,私立非義務機構進用身心障礙者獎勵金,重建處,全程式,20240815T101900,20250718T100500,https://service.taipei/case-detail/EB009
勞動類,勞動局,重建處,EB010,0,臺北市身心障礙者職務再設計服務,重建處,非全程式,20240815T102000,20260113T102500,https://service.taipei/case-detail/EB010
勞動類,勞動局,重建處,EB011,0,「頭家寶障—訓用留」實施計畫,重建處,非全程式,20240815T102000,20250718T101300,https://service.taipei/case-detail/EB011
勞動類,勞動局,重建處,EB012,0,身心障礙者新創及經營事業補助資格申請,重建處,非全程式,20240815T102200,20260113T094000,https://service.taipei/case-detail/EB012
勞動類,勞動局,重建處,EB013,0,職場手語翻譯服務,重建處,全程式,20240815T102300,20260105T105700,https://service.taipei/case-detail/EB013
勞動類,勞動局,重建處,EB014,0,雇主聘僱外國人許可及管理辦法無違反法令證明書,重建處,非全程式,20240815T102300,20250925T163600,https://service.taipei/case-detail/EB014
勞動類,勞動局,重建處,EB015,0,辦理從事跨國人力仲介業務機關申請設立許可前檢查作業,重建處,非全程式,20240815T102500,20251215T111700,https://service.taipei/case-detail/EB015
勞動類,勞動局,重建處,EB016,0,雇主與第二類及第三類外國人終止聘僱關係驗證,重建處,全程式,20240815T102600,20260113T094400,https://service.taipei/case-detail/EB016
勞動類,勞動局,重建處,EB017,0,身心障礙者新創及經營事業補助款第1次請款案,重建處,非全程式,20240815T102600,20260113T095300,https://service.taipei/case-detail/EB017
勞動類,勞動局,重建處,EB018,0,身心障礙者新創及經營事業補助營業場所租金補助延續案,重建處,非全程式,20240815T102700,20260113T095600,https://service.taipei/case-detail/EB018
勞動類,勞動局,重建處,EB019,0,職場聽打服務,重建處,全程式,20240815T102800,20260105T105300,https://service.taipei/case-detail/EB019
勞動類,勞動局,重建處,EB020,0,視障按摩據點設施設備補助請款,重建處,非全程式,20240815T103300,20260122T105000,https://service.taipei/case-detail/EB020
勞動類,勞動局,重建處,EB021,0,視障按摩據點設施設備補助申請,重建處,非全程式,20240815T103500,20260122T104900,https://service.taipei/case-detail/EB021
勞動類,勞動局,重建處,EB022,0,受理外國人入國（接續聘僱）通報暨實施檢查,重建處,非全程式,20240815T103600,20260113T100100,https://service.taipei/case-detail/EB022
勞動類,勞動局,職能學院,EC001,0,臺北市職能發展學院場地租借,職能學院,全程式,20240813T174300,20260319T152800,https://service.taipei/case-detail/EC001
勞動類,勞動局,職能學院,EC002,0,臺北市促進勞工職業技能補助,職能學院,非全程式,20240813T174400,20250820T170300,https://service.taipei/case-detail/EC002
勞動類,勞動局,職能學院,EC003,0,臺北市職能發展學院補發結訓證明,職能學院,全程式,20240813T174500,20251211T114700,https://service.taipei/case-detail/EC003
勞動類,勞動局,職能學院,EC004,0,即測即評及發證技能檢定學科成績複查,職能學院,非全程式,20240813T174500,20251119T092400,https://service.taipei/case-detail/EC004
勞動類,勞動局,職能學院,EC005,0,即測即評及發證技能檢定術科成績複查,職能學院,非全程式,20240813T174500,20251119T092500,https://service.taipei/case-detail/EC005
勞動類,勞動局,職能學院,EC006,0,受訓學員專案檢定學科成績複查,職能學院,非全程式,20240813T174600,20251119T093400,https://service.taipei/case-detail/EC006
勞動類,勞動局,職能學院,EC007,0,受訓學員專案檢定術科成績複查,職能學院,非全程式,20240813T174600,20251211T114500,https://service.taipei/case-detail/EC007
公管類,秘書處,公管中心,ED001,0,市民廣場租借,公管中心,全程式,20240807T170200,20251120T145300,https://service.taipei/case-detail/ED001
公管類,秘書處,公管中心,ED002,0,市政大樓周邊場地租借,公管中心,全程式,20240807T170700,20251120T145500,https://service.taipei/case-detail/ED002
公管類,秘書處,公管中心,ED004,0,市政大樓1樓中庭租借,公管中心,全程式,20241226T112300,20251120T145600,https://service.taipei/case-detail/ED004
區政類,區公所,大安區公所,EF001,0,國民年金被保險人所得未達一定標準認定資格,大安區公所,全程式,20240815T170800,20260206T081300,https://service.taipei/case-detail/EF001
區政類,區公所,大安區公所,EF002,0,臺北市原住民學生就學交通費補助,大安區公所,非全程式,20240815T171000,20260206T081000,https://service.taipei/case-detail/EF002
區政類,區公所,大安區公所,EF003,0,常備兵因家庭因素申請提前退伍,大安區公所,全程式,20240815T172200,20260206T081500,https://service.taipei/case-detail/EF003
區政類,區公所,大安區公所,EF004,0,祭祀公業法人派下現員變更登記,大安區公所,非全程式,20240815T172500,20260206T081100,https://service.taipei/case-detail/EF004
區政類,區公所,大安區公所,EF005,0,寺廟設立登記及變動(負責人、信徒、章程)登記,大安區公所,非全程式,20240815T172500,20260206T081100,https://service.taipei/case-detail/EF005
區政類,區公所,大安區公所,EF006,0,祭祀公業法人圖記及管理人印鑑證明及各項（管理人或監察人、財產增加或減少及章程）變更登記,大安區公所,非全程式,20240815T172600,20260206T081200,https://service.taipei/case-detail/EF006
區政類,區公所,大安區公所,EF007,0,祭祀公業法人設立登記,大安區公所,非全程式,20240816T100600,20260206T081200,https://service.taipei/case-detail/EF007
區政類,區公所,大安區公所,EF008,0,區民活動中心場地使用申請,大安區公所,全程式,20240816T102000,20260206T081200,https://service.taipei/case-detail/EF008
區政類,區公所,大同區公所,EG001,0,臺北市育兒津貼,大同區公所,全程式,20240816T105600,20260120T101900,https://service.taipei/case-detail/EG001
區政類,區公所,大同區公所,EG002,0,育有未滿2歲兒童育兒津貼申請查定,大同區公所,全程式,20240816T110000,20260120T102000,https://service.taipei/case-detail/EG002
教育類,區公所,大同區公所,EG003,0,教育部補助地方政府發放二歲以上未滿五歲幼兒育兒津貼及五歲至入國民小學前幼兒就學補助,大同區公所,非全程式,20240816T110400,20260120T102100,https://service.taipei/case-detail/EG003
區政類,區公所,大同區公所,EG004,0,籌組社區發展協會,大同區公所,全程式,20240816T110700,20251125T154300,https://service.taipei/case-detail/EG004
區政類,區公所,大同區公所,EG005,0,成立社區發展協會,大同區公所,非全程式,20240816T110700,20251125T154400,https://service.taipei/case-detail/EG005
區政類,區公所,信義區公所,EH001,0,臺北市信義公民會館場地使用申請,信義區公所,非全程式,20240815T164600,20251124T163300,https://service.taipei/case-detail/EH001
區政類,區公所,信義區公所,EH004,0,宗教（祠）財團法人申請設立許可,信義區公所,非全程式,20240816T102100,20251124T161500,https://service.taipei/case-detail/EH004
區政類,區公所,信義區公所,EH005,0,宗教(祠)財團法人各項(董監事、章程、財產處分、財產變更、不動產抵押貸款)變更許可案,信義區公所,非全程式,20250210T104100,20251125T144900,https://service.taipei/case-detail/EH005
區政類,區公所,信義區公所,EH006,0,臺北市宗教團體以自然人或自然人以外名義登記之不動產辦理更名登記為寺廟教堂（會）所有,信義區公所,非全程式,20250210T112700,20251124T161600,https://service.taipei/case-detail/EH006
區政類,區公所,信義區公所,EH007,0,設籍本市未就讀本市幼兒園之幼兒數位卡證申請,信義區公所,非全程式,20250808T111800,20260203T101000,https://service.taipei/case-detail/EH007
區政類,區公所,松山區公所,EI001,0,祭祀公業土地清理申報,松山區公所,非全程式,20240816T102200,20260115T162300,https://service.taipei/case-detail/EI001
區政類,區公所,松山區公所,EI002,0,祭祀公業派下員繼承變動或派下員名冊漏列或誤列更正,松山區公所,非全程式,20240816T102400,20251114T180000,https://service.taipei/case-detail/EI002
區政類,區公所,松山區公所,EI003,0,祭祀公業規約訂定及各項（規約、管理人或監察人及不動產補列或誤列）變更備查案,松山區公所,非全程式,20240816T102800,20251114T180200,https://service.taipei/case-detail/EI003
區政類,區公所,松山區公所,EI004,0,神明會土地清理申報,松山區公所,非全程式,20240816T103000,20251114T180600,https://service.taipei/case-detail/EI004
區政類,區公所,松山區公所,EI005,0,神明會會員或信徒變動、漏列或誤列更正,松山區公所,非全程式,20240816T103100,20251114T151600,https://service.taipei/case-detail/EI005
區政類,區公所,松山區公所,EI006,0,神明會不動產變動、補列或漏列更正案,松山區公所,非全程式,20240816T103200,20251114T181000,https://service.taipei/case-detail/EI006
區政類,區公所,松山區公所,EI007,0,寺廟申請財產處分、不動產抵押貸款及核發印鑑證明,松山區公所,非全程式,20240816T103300,20251124T112600,https://service.taipei/case-detail/EI007
區政類,區公所,內湖區公所,EJ001,0,全民健康保險第一類（無職業里鄰長保險）,內湖區公所,全程式,20240816T100400,20251119T120700,https://service.taipei/case-detail/EJ001
區政類,區公所,內湖區公所,EJ002,0,全民健康保險第五類（低收入戶福保）,內湖區公所,全程式,20240816T100500,20251119T121300,https://service.taipei/case-detail/EJ002
區政類,區公所,內湖區公所,EJ003,0,全民健康保險第六類（地區人口）保險,內湖區公所,全程式,20240816T100600,20250718T180900,https://service.taipei/case-detail/EJ003
區政類,區公所,內湖區公所,EJ004,0,臺北市中山、文山、內湖、士林、北投公民會館展覽場地,內湖區公所,非全程式,20240816T102300,20251113T104400,https://service.taipei/case-detail/EJ004
區政類,區公所,內湖區公所,EJ005,0,臺北市中山、文山、士林、北投公民會館會議場地使用申請,內湖區公所,非全程式,20240816T102500,20251119T124800,https://service.taipei/case-detail/EJ005
區政類,區公所,南港區公所,EK001,0,役男申請服宗教因素替代役,南港區公所,全程式,20240816T111700,20250806T141700,https://service.taipei/case-detail/EK001
區政類,區公所,南港區公所,EK002,0,役男申請服家庭因素替代役,南港區公所,全程式,20240816T111800,20250722T133100,https://service.taipei/case-detail/EK002
區政類,區公所,南港區公所,EK003,0,鄰里公園使用申請（一般性活動）,南港區公所,全程式,20250714T153200,20251112T152800,https://service.taipei/case-detail/EK003
區政類,區公所,南港區公所,EK004,0,鄰里公園使用申請（營利性活動）,南港區公所,全程式,20250714T155200,20251112T152900,https://service.taipei/case-detail/EK004
區政類,區公所,萬華區公所,EL001,0,應徵役男延期徵集入營,萬華區公所,全程式,20240815T170500,20250730T144000,https://service.taipei/case-detail/EL001
區政類,區公所,萬華區公所,EL002,0,役男免役證明書補發,萬華區公所,全程式,20240815T170600,20250730T144000,https://service.taipei/case-detail/EL002
區政類,區公所,萬華區公所,EL003,0,服兵役役男家屬生活扶助各項補(慰)助,萬華區公所,全程式,20240815T170900,20250730T144100,https://service.taipei/case-detail/EL003
區政類,區公所,萬華區公所,EL004,0,義務役役男在營服役證明書申請,萬華區公所,全程式,20240815T171400,20250730T134800,https://service.taipei/case-detail/EL004
區政類,區公所,萬華區公所,EL005,0,乙種國民兵申請補（換）發證書,萬華區公所,全程式,20240815T171400,20250729T173200,https://service.taipei/case-detail/EL005
區政類,區公所,萬華區公所,EL006,0,僑民暫緩徵兵處理,萬華區公所,全程式,20240815T171500,20251119T140500,https://service.taipei/case-detail/EL006
區政類,區公所,萬華區公所,EL007,0,替代役退役證明書補發,萬華區公所,全程式,20250226T144700,20250729T173400,https://service.taipei/case-detail/EL007
區政類,區公所,士林區公所,EM001,0,調解不成立證明書,士林區公所,全程式,20240815T170000,20251113T165300,https://service.taipei/case-detail/EM001
區政類,區公所,士林區公所,EM002,0,民事及告訴乃論刑事事件之調解聲請,士林區公所,非全程式,20240815T171900,20260202T160400,https://service.taipei/case-detail/EM002
區政類,區公所,士林區公所,EM003,0,替代役役男申請提前退役,士林區公所,全程式,20240815T172300,20250724T135800,https://service.taipei/case-detail/EM003
區政類,區公所,士林區公所,EM004,0,役男延期返國,士林區公所,全程式,20240815T172300,20250724T135000,https://service.taipei/case-detail/EM004
區政類,區公所,士林區公所,EM005,0,出境就學役男申請變更出境身分及事由,士林區公所,全程式,20240816T101700,20250724T135000,https://service.taipei/case-detail/EM005
區政類,區公所,士林區公所,EM006,0,借（使）用區公所大禮堂申請,士林區公所,全程式,20240816T101900,20251118T104700,https://service.taipei/case-detail/EM006
區政類,區公所,北投區公所,EN001,0,農業動力用電申辦基本電費減免輔導,北投區公所,全程式,20240815T165500,20251204T112600,https://service.taipei/case-detail/EN001
區政類,區公所,北投區公所,EN002,0,耕地租約變更終止或註銷登記申請,北投區公所,線上填表,20240815T165700,20250730T090200,https://service.taipei/case-detail/EN002
區政類,區公所,北投區公所,EN003,0,受理農戶種稻及轉(契)作、休耕補助申請,北投區公所,非全程式,20240815T171200,20251222T095500,https://service.taipei/case-detail/EN003
區政類,區公所,北投區公所,EN004,0,陽明山國家公園採箭竹筍許可證核發,北投區公所,全程式,20240815T171300,20260311T170300,https://service.taipei/case-detail/EN004
區政類,區公所,北投區公所,EN005,0,農業用地作農業使用證明,北投區公所,非全程式,20240815T171700,20260312T151100,https://service.taipei/case-detail/EN005
區政類,區公所,北投區公所,EN006,0,臺北市社區共同天線核轉,北投區公所,非全程式,20240815T171800,20250730T090200,https://service.taipei/case-detail/EN006
區政類,區公所,中山區公所,EO002,0,低收入戶查定,中山區公所,全程式,20240816T105400,20250730T142100,https://service.taipei/case-detail/EO002
區政類,區公所,中山區公所,EO003,0,家境清寒證明,中山區公所,全程式,20240816T105600,20250730T142200,https://service.taipei/case-detail/EO003
區政類,區公所,中山區公所,EO004,0,公益彩券經銷商第1階段資格審查,中山區公所,線上填表,20240816T110500,20251119T110300,https://service.taipei/case-detail/EO004
區政類,區公所,中山區公所,EO005,0,以工代賑臨時工作,中山區公所,非全程式,20240816T110600,20250730T142400,https://service.taipei/case-detail/EO005
區政類,區公所,中山區公所,EO006,0,急難救助,中山區公所,線上填表,20240816T110800,20251106T110700,https://service.taipei/case-detail/EO006
區政類,區公所,中山區公所,EO007,0,災害救助,中山區公所,線上填表,20240816T110900,20250730T142500,https://service.taipei/case-detail/EO007
區政類,區公所,中山區公所,EO008,0,敬老/愛心乘車證服務/6-12歲兒童搭乘捷運優惠/開通兌領「生生喝鮮奶」乳品功能,中山區公所,線上填表,20240816T111000,20260122T153300,https://service.taipei/case-detail/EO008
區政類,區公所,中山區公所,EO009,0,區公所服務之以工代賑臨時工在職證明,中山區公所,全程式,20240816T111900,20260121T160100,https://service.taipei/case-detail/EO009
區政類,區公所,中正區公所,EP001,0,中低收入戶查定,中正區公所,全程式,20240816T103400,20250923T102200,https://service.taipei/case-detail/EP001
區政類,區公所,中正區公所,EP002,0,身心障礙證明,中正區公所,全程式,20240816T104000,20260116T101800,https://service.taipei/case-detail/EP002
區政類,區公所,中正區公所,EP003,0,中低收入老人生活津貼,中正區公所,全程式,20240816T104100,20251126T115300,https://service.taipei/case-detail/EP003
區政類,區公所,中正區公所,EP004,0,身心障礙者生活補助,中正區公所,全程式,20240816T104200,20251212T144700,https://service.taipei/case-detail/EP004
區政類,區公所,中正區公所,EP008,0,申請低收入戶及中低收入戶證明,中正區公所,全程式,20240816T111900,20250729T172400,https://service.taipei/case-detail/EP008
區政類,區公所,文山區公所,EQ001,0,服兵役役男家屬及遺屬特別補助費,文山區公所,全程式,20240816T111000,20250723T171000,https://service.taipei/case-detail/EQ001
區政類,區公所,文山區公所,EQ002,0,役男申請複檢,文山區公所,全程式,20240816T111100,20250723T171200,https://service.taipei/case-detail/EQ002
區政類,區公所,文山區公所,EQ003,0,服兵役役男家屬生活扶助,文山區公所,全程式,20240816T111200,20250723T171300,https://service.taipei/case-detail/EQ003
區政類,區公所,文山區公所,EQ004,0,後備軍人緩召,文山區公所,全程式,20240816T111600,20250723T171400,https://service.taipei/case-detail/EQ004
區政類,區公所,文山區公所,EQ005,0,常備役體位因家庭因素申請服補充兵,文山區公所,全程式,20240816T111700,20250723T170800,https://service.taipei/case-detail/EQ005
青年類,青年局,青年局,PO001,0,臺北市政府青年局場地租借,青年局,全程式,20241225T142000,20260119T100400,https://service.taipei/case-detail/PO001
青年類,青年局,青年局,PO002,0,臺北市青年留學生就學貸款補助,青年局,,20241225T142500,20250725T174500,https://service.taipei/case-detail/PO002
青年類,青年局,青年局,PO003,0,臺北市青年職涯進修補助,青年局,,20241225T143100,20260127T160200,https://service.taipei/case-detail/PO003
青年類,青年局,青年局,PO004,0,臺北市青年實習津貼,青年局,非全程式,20241225T143300,20260120T161400,https://service.taipei/case-detail/PO004
青年類,青年局,青年局,PO005,0,協助青年多元發展補助,青年局,非全程式,20241225T143400,20260210T170400,https://service.taipei/case-detail/PO005
青年類,青年局,青年局,PO006,0,青年創業共享空間租賃補助,青年局,非全程式,20241225T143700,20260108T160500,https://service.taipei/case-detail/PO006
青年類,青年局,青年局,PO007,0,臺北市職涯培力及創業活動補助,青年局,非全程式,20241225T143900,20260212T140900,https://service.taipei/case-detail/PO007
青年類,青年局,青年局,PO008,0,臺北市政府促進青年國際發展補助,青年局,非全程式,20241225T144100,20251120T162900,https://service.taipei/case-detail/PO008
青年類,青年局,青年局,PO009,0,臺北市青年創業融資貸款,青年局,全程式,20241225T144300,20260223T145300,https://service.taipei/case-detail/PO009
青年類,青年局,青年局,PO010,0,青年創新職場實習補助,青年局,非全程式,20250715T140700,20260211T175300,https://service.taipei/case-detail/PO010
捷運公司,捷運公司,北捷遊憩公司,PS001,0,臺北市立兒童新樂園團體預約,北捷遊憩公司,全程式,20250821T105000,20251117T095200,https://service.taipei/case-detail/PS001
捷運公司,捷運公司,北捷遊憩公司,PS002,0,臺北小巨蛋主場館場勘,北捷遊憩公司,全程式,20250821T105100,20260121T144400,https://service.taipei/case-detail/PS002
捷運公司,捷運公司,北捷遊憩公司,PS003,0,臺北小巨蛋主場館一般檔期場地租用,北捷遊憩公司,全程式,20250821T105100,20260318T164700,https://service.taipei/case-detail/PS003
捷運公司,捷運公司,北捷遊憩公司,PS004,0,臺北小巨蛋冰上樂園場地租用,北捷遊憩公司,全程式,20250821T105100,20260121T143000,https://service.taipei/case-detail/PS004
捷運公司,捷運公司,北捷遊憩公司,PS005,0,臺北小巨蛋廣告租用,北捷遊憩公司,全程式,20250821T105100,20260121T153200,https://service.taipei/case-detail/PS005
捷運公司,捷運公司,北捷遊憩公司,PS006,0,臺北小巨蛋廣場租用,北捷遊憩公司,全程式,20250821T105100,20260121T153200,https://service.taipei/case-detail/PS006
捷運公司,捷運公司,北捷遊憩公司,PS007,0,臺北小巨蛋主場館活動使用空間租用,北捷遊憩公司,全程式,20250821T105200,20260121T153300,https://service.taipei/case-detail/PS007
捷運公司,捷運公司,北捷遊憩公司,PS008,0,臺北市立兒童新樂園樹蛙表演場使用,北捷遊憩公司,全程式,20250821T105200,20260323T144900,https://service.taipei/case-detail/PS008
捷運公司,捷運公司,北捷遊憩公司,PS009,0,臺北市立兒童新樂園廣場租用,北捷遊憩公司,全程式,20250821T105200,20260323T150400,https://service.taipei/case-detail/PS009
捷運公司,捷運公司,北捷遊憩公司,PS010,0,臺北市立兒童新樂園包場租用,北捷遊憩公司,全程式,20250821T105200,20260323T144900,https://service.taipei/case-detail/PS010
捷運公司,捷運公司,北捷遊憩公司,PS011,0,貓空纜車預約搭乘,北捷遊憩公司,全程式,20250821T105200,20260312T100800,https://service.taipei/case-detail/PS011
捷運公司,捷運公司,北捷遊憩公司,PS012,0,貓空纜車團體預約搭乘,北捷遊憩公司,全程式,20250821T105200,20260303T134700,https://service.taipei/case-detail/PS012
